likesCount,text,cleaned_text,sentiment
2,"Neat comparison I have not heard it before.
 I would say that CO2 is like a disco ball so energy and collide with countless molecules as it bounces around in our atmosphere.",neat comparison heard say like disco ball energy collide countless molecules bounces atmosphere,Neutral
0,An excellent way to visualise the invisible! Thanks,excellent way visualise invisible thanks,Positive
1,Does the CO2/ghg in the troposphere affect the stratosphere? Being warmer the troposphere must be expanding?,does coghg troposphere affect stratosphere warmer troposphere expanding,Neutral
4,excellent post! I defo feel the difference - one i can drink and the other makes me feel sick.,excellent post defo feel difference drink makes feel sick,Positive
16,"Yes, and carbon dioxide does not harm the Earth like you people are making it out to be. Fake climate change rhetoric, as usual.",yes carbon dioxide does harm earth like people making fake climate change rhetoric usual,Negative
4,Excellent example...very relatable to the Gen Pop. Complex topics...explained in understandable ways. 👍⚡,excellent examplevery relatable gen pop complex topicsexplained understandable ways,Positive
10,I am so proud of whoever created this content. Please feel very very good about yourself today,proud created content feel good today,Positive
1,Has the Earth ever had a concentration of over 1000 ppm?,earth concentration ppm,Neutral
0,"Yes, and not even half a cup later that poor soul is gonna know it too.",yes half cup later poor soul gonna know,Negative
4,Historical co2 data would make it an interesting post,historical data make interesting post,Positive
6,why the northern hemisphere warm more than the southern hemisphere?,northern hemisphere warm southern hemisphere,Positive
1,So what are we gonna do about it?,gonna,Neutral
3,Yes. I fall asleep on decaf and stay awake with real coffee. You can keep your brown sadness water thanks.,yes fall asleep decaf stay awake real coffee brown sadness water thanks,Positive
18,Plus you can literally measure the heat retention effect of CO2 in a glass container in a lab,plus literally measure heat retention effect glass container lab,Neutral
3,"The two most abundant gases (nitrogen and oxygen) comprise 99% of the atmosphere. Neither traps heat. By definition, all greenhouse gases are trace gases because they live in the remaining 1%. It's too bad the CO2 is naturally so sparse. If CO2 were naturally abundant like oxygen, our emissions wouldn't matter. We'd have a negligible impact. But because CO2 is naturally sparse, our emissions matter a lot. In fact, one-third of the CO2 in the atmosphere is due to human activity. We have to stop emitting and pull CO2 we've already emitted out of the atmosphere to stabilize the climate.",abundant gases nitrogen oxygen comprise atmosphere traps heat definition greenhouse gases trace gases live remaining bad naturally sparse naturally abundant like oxygen emissions wouldnt matter wed negligible impact naturally sparse emissions matter lot fact onethird atmosphere human activity stop emitting pull weve emitted atmosphere stabilize climate,Positive
14,That's an excellent way to illustrate 400 ppm.,thats excellent way illustrate ppm,Positive
40,"I find it interesting when people claim that CO2 can't possibly be the cause of the Earth warming because it is just a trace gas, yet the same people would acknowledge that this trace gas is responsible for all plant life on Earth.",interesting people claim possibly cause earth warming just trace gas people acknowledge trace gas responsible plant life earth,Positive
1,Love this post! Great pedagogy 🙏,love post great pedagogy,Positive
0,Kathy Schulz,kathy schulz,Neutral
0,Before of after I drink it?,drink,Neutral
0,"That’s a good analogy. 

I have thought that another one (involving the absorption of EM waves, though in the visible) might be: try putting a small amount (0.4cc) of blue die into a litre bottle of water. All of the water then has a faint blue tinge.",thats good analogy thought involving absorption em waves visible try putting small cc blue die litre bottle water water faint blue tinge,Negative
0,Great advice!,great advice,Positive
0,Thanks for sharing,thanks sharing,Positive
0,Excellent,excellent,Positive
0,"Not if its good coffee beans, 
Not until I get jittery🤣🤣🤣🤣",good coffee beans jittery,Positive
1,💖💖💖,,Neutral
0,*********,,Neutral
0,Hlw,hlw,Neutral
0,decaf is like mouth to mouth were as caffeinated is a defibrillator electric jolt.,decaf like mouth mouth caffeinated defibrillator electric jolt,Neutral
4,"Maybe this is what happened to Mars...we messed it up, came here and doing it all over again...meant as a joke, but I wouldn't be surprised.",maybe happened marswe messed came doing againmeant joke wouldnt surprised,Positive
1,"It is not the average temperature that is important,but the difference between night and day and the seasons.",average temperature importantbut difference night day seasons,Negative
21,It's always fun watching dropouts pretend to argue science with NASA.,fun watching dropouts pretend argue science nasa,Positive
19,"Whenever NASA posts good, peer reviewed science I make sure to read the comments to see what the nut jobs have to say",nasa posts good peer reviewed science make sure read comments nut jobs say,Positive
3,Due to more carbon🤦‍♀️,carbon,Neutral
3,"Maybe if Fox had investigative journalists they would: 1: understand the physics of climate change and the dangers they present! 2: would expose the propaganda of the fossil fuel industry! 3: not mock those like AOC who are trying to make real change!

Here: read this/watch real investigative reporters with hard data and not Fox charlatans!

Watch and learn!

https://www.pbs.org/video/the-power-of-big-oil-part-one-denial-redxh6/",maybe fox investigative journalists understand physics climate change dangers present expose propaganda fossil fuel industry mock like aoc trying make real change read thiswatch real investigative reporters hard data fox charlatans watch learn,Positive
1,"By 2050….12-18 inches as the rate continues to accelerate , glad am 58 and not 28",inches rate continues accelerate glad,Positive
2,You simply can’t mess with science and the data collected by thousands of scientists and researchers. What will it take for politicians to finally take a stance to actually globally combat climate change????,simply mess science data collected thousands scientists researchers politicians finally stance actually globally combat climate change,Negative
5,"Cue the science graduates of the universities of Google, Facebook, & YouTube.",cue science graduates universities google facebook youtube,Neutral
3,That’s horrendous,thats horrendous,Neutral
0,"Say bye bye, Florida.",say bye bye florida,Neutral
1,Sustainability VS Stability of climate change solution is a must,sustainability vs stability climate change solution,Neutral
1,Dutchy Holland maybe you better move up a level in your apartment building,dutchy holland maybe better level apartment building,Positive
12,Yet so many westerners don't believe or understand the simple science behind global warming. This is why BigOil still has so much power.,westerners dont believe understand simple science global warming bigoil power,Neutral
0,Di pulau Jawa Indonesia sering gempa sekarang,di pulau jawa indonesia sering gempa sekarang,Neutral
0,"Andrew Bidi apropo de conversatia noastra, am vazut asta si am zis sa iti arat 😅",andrew bidi apropo conversatia noastra vazut asta si zis sa iti arat,Neutral
0,"The “greenhouse effect” is concerned with the infrared radiation given off by the earth. The sun’s radiation basically passes through the oxygen and nitrogen in the earth’s atmosphere and lands on the earth’s surface, where 70% of it is absorbed; 30% is reflected back into the atmosphere. Part of this radiation bounces off the greenhouse gases and returns to be absorbed by earth. The greenhouses gases (GHGs) are water vapor (H2O), carbon dioxide (CO2), nitrous oxide (NO2) and methane (CH4).

How long does CO2 remain in the atmosphere? This is a difficult question because there are several processes that remove carbon dioxide from the atmosphere. From 65% to 80% of the CO2 that is released into the air dissolves into the ocean over a period of 50-200 years. The rest is removed over several hundred thousand years. According to the IPCC Fourth Assessment Report, about 50% of CO2 increase will be removed from the atmosphere within 30 years, another 30% will be removed within a few centuries and the remaining 20% may stay in the atmosphere for thousands of years. This means that if we could stop carbon dioxide emissions tomorrow, the carbon dioxide in the atmosphere would continue to warm the climate for thousands of years. Methane (CH4), by contrast, persists for about 12 years. Thus, even though methane is 26 times more potent than carbon dioxide, its effect is relatively short-lived. Furthermore, methane has increased from 700 ppb in 1750 to 1893 ppb today; notice that is parts per billion, not parts per million.

If the emissions of carbon dioxide into the atmosphere are causing global warming, how much will the earth warm up by the year 2100? This depends upon how many billions of tons of carbon dioxide are being emitted into the atmosphere. As a general rule, about 1 trillion tons of additional carbon dioxide in the atmosphere (actually 975 billion) will translate to about 125 ppm of additional carbon dioxide. Also, 125 ppm of additional carbon dioxide translates to about 1.8 °F (1 °C) in global warming. This can be verified by the fact that pre-industrial carbon dioxide was about 280 ppm and is now about 405 ppm. During this period, the planet warmed up about 1 °C.

Scientists have measured the amount of atmospheric carbon dioxide which corresponds to 1 ppm and have found that this corresponds to 7.8 billion metric tons of CO2 in the atmosphere. Therefore, in order to increase the global temperature by 1 °C, you would need 125 x 7.8 billion or 975 billion metric tons of carbon dioxide. A metric ton equals 1,000 kilograms (or 2.2 x 1,000 = 2,200 pounds); the U.S. is the only country in the world that does not use the metric ton. In 2016, the world pumped 36.1 billion metric tons (or 39.8 U.S. Gt) of carbon dioxide into the atmosphere. The average per capita emission of carbon dioxide is 7 metric tons per person per year. In the year 2100, there will be about 11 billion people. Therefore, in 2100, in a business-as-usual scenario, we can expect the world to emit 11 x 7 or 77 billion metric tons into the atmosphere per year or an average of 56.5 billion tons for the next 80 years, i.e., an accumulation of 4.52 trillion tons of CO2 by 2300.  Less 25% (1.13 Tt) due to carbon sinks (the oceans are almost saturated with CO2), the world will have an accumulation of 3.4Tt (4.52 – 1.13) of carbon in the atmosphere. Dividing 3.4 trillion tons of CO2 by 975 million = 3.48 °C (6.26 °F).  This means that the world will be 6.26 °F warmer in 2100 than it was in 2020.

The rise in sea level comes from two distinct processes: water expansions (3.3 feet) due to the added 6.26 °F of increased temperature and melting ice, mainly from Greenland (.41 feet) and the Antarctica (.2 feet) or 3.91 total feet by 2100, as well as increased extraction of groundwater due to irrigation.   Although we do not usually notice it, water expands very slightly as it gets warmer. The second and potentially greater contribution to rising sea level comes from the melting of glacial ice. Antarctica has 90% of the ice, Greenland has 9% of the ice (2,931 trillion tons of ice) and the remaining 1% is tied up in continental glaciers, which except for the Himalayas will all melt by 2100.  If Greenland completely melts, it will raise the sea level by about 24 feet (7.2 meters).  If the Antarctica completely melts, it will add 200 feet (or 60 meters) to the sea level rise.   

In the year 2100, I predict that fossil fuels will be almost depleted (coal may last until 2150) and that the temperature rise will level off. My model predicts that Greenland will be losing about 500 Gt of ice per year until the end of the century, resulting in about 0.41 feet of sea level rise by 2100.  In addition, the Antarctica will add another 0.2 feet of sea level rise. Adding this to the 3.3 feet for thermal warming results in a sea level rise of 3.9 feet.  Now add 2 feet due to melting of the West Antarctic Ice Sheet (WAIS) due to the collapse of the Pine Island and Thwaites glaciers and you have a 5.9 foot sea level rise by the end of the century.  NOAA (the National Oceanic and Atmospheric Administration) states that the oceans could rise 8 feet by 2100 under a worse-case scenario, namely a complete collapse of the WAIS.  

What effect would a 5.9 foot sea level rise have on the U.S.? Miami is one of the most vulnerable places to rising seas. About 2 million Americans would see their homes permanently flooded if sea levels rise just 3 feet. If the sea level rises 6 feet, 6 million Americans would see their homes permanently flooded. A new study predicts that as many as 13.1 million Americans in coastal areas will have to relocate by 2100 if the sea level rises 5.9 feet (1.8 meters), which is what I expect to be the most likely scenario.

In addition to sea-level rise, global warming is contributing to increases in the spread of insect-borne illnesses and crop-damaging pests. For example, diseases such as Zika, dengue fever and chikungunya are transmitted by mosquitoes, which pick up these diseases by biting infected people and then spreading them to other people through subsequent bites. Research has shown that warmer temperatures shorten the incubation period, which means the disease can spread more rapidly. Warmer temperatures also tend to increase the geographic range of insects.

Global warming also translates into more extreme weather events because higher temperatures mean an increase in energy in the atmosphere and oceans; energy is what drives weather. While we cannot attribute any particular storm to global warming, we can tie an overall trend to global warming. It makes logical sense that warm ocean waters give birth to more intense weather. Generally, hurricanes cannot survive for long over sea surfaces that are cooler than about 79 °F (26 °C). The longer the ocean waters stay above 79 °F, the more opportunity there is for a hurricane to blossom.

Lastly, global warming will result in more droughts, floods and water scarcity.  Demand for water has tripled during the past 50 years. Currently a half billion people live in a water-stressed country. By 2025, that number is expected to increase to about 3 billion. The vast majority of fresh water, about 70%, is used for agriculture. On the U.S. East Coast, much of the water supply comes from surface water, whereas most of the Midwest gets its water supply from a combination of surface waters and well water. The well water comes from underground aquifers such as the Ogallala Aquifer. At present rates of withdrawal, parts of the Ogallala Aquifer water will be available for irrigation for only another 10 to 20 years.",greenhouse effect concerned infrared radiation given earth suns radiation basically passes oxygen nitrogen earths atmosphere lands earths surface absorbed reflected atmosphere radiation bounces greenhouse gases returns absorbed earth greenhouses gases ghgs water vapor ho carbon dioxide nitrous oxide methane ch long does remain atmosphere difficult question processes remove carbon dioxide atmosphere released air dissolves ocean period years rest removed thousand years according ipcc fourth assessment report increase removed atmosphere years removed centuries remaining stay atmosphere thousands years means stop carbon dioxide emissions tomorrow carbon dioxide atmosphere continue warm climate thousands years methane ch contrast persists years methane times potent carbon dioxide effect relatively shortlived furthermore methane increased ppb ppb today notice parts billion parts million emissions carbon dioxide atmosphere causing global warming earth warm year depends billions tons carbon dioxide emitted atmosphere general rule trillion tons additional carbon dioxide atmosphere actually billion translate ppm additional carbon dioxide ppm additional carbon dioxide translates f c global warming verified fact preindustrial carbon dioxide ppm ppm period planet warmed c scientists measured atmospheric carbon dioxide corresponds ppm corresponds billion metric tons atmosphere order increase global temperature c need x billion billion metric tons carbon dioxide metric ton equals kilograms x pounds country world does use metric ton world pumped billion metric tons gt carbon dioxide atmosphere average capita emission carbon dioxide metric tons person year year billion people businessasusual scenario expect world emit x billion metric tons atmosphere year average billion tons years accumulation trillion tons tt carbon sinks oceans saturated world accumulation tt carbon atmosphere dividing trillion tons million c f means world f warmer rise sea level comes distinct processes water expansions feet added f increased temperature melting ice mainly greenland feet antarctica feet total feet increased extraction groundwater irrigation usually notice water expands slightly gets warmer second potentially greater contribution rising sea level comes melting glacial ice antarctica ice greenland ice trillion tons ice remaining tied continental glaciers himalayas melt greenland completely melts raise sea level feet meters antarctica completely melts add feet meters sea level rise year predict fossil fuels depleted coal temperature rise level model predicts greenland losing gt ice year end century resulting feet sea level rise addition antarctica add feet sea level rise adding feet thermal warming results sea level rise feet add feet melting west antarctic ice sheet wais collapse pine island thwaites glaciers foot sea level rise end century noaa national oceanic atmospheric administration states oceans rise feet worsecase scenario complete collapse wais effect foot sea level rise miami vulnerable places rising seas million americans homes permanently flooded sea levels rise just feet sea level rises feet million americans homes permanently flooded new study predicts million americans coastal areas relocate sea level rises feet meters expect likely scenario addition sealevel rise global warming contributing increases spread insectborne illnesses cropdamaging pests example diseases zika dengue fever chikungunya transmitted mosquitoes pick diseases biting infected people spreading people subsequent bites research shown warmer temperatures shorten incubation period means disease spread rapidly warmer temperatures tend increase geographic range insects global warming translates extreme weather events higher temperatures mean increase energy atmosphere oceans energy drives weather attribute particular storm global warming tie overall trend global warming makes logical sense warm ocean waters birth intense weather generally hurricanes survive long sea surfaces cooler f c longer ocean waters stay f opportunity hurricane blossom lastly global warming result droughts floods water scarcity demand water tripled past years currently half billion people live waterstressed country number expected increase billion vast majority fresh water used agriculture east coast water supply comes surface water midwest gets water supply combination surface waters water water comes underground aquifers ogallala aquifer present rates withdrawal parts ogallala aquifer water available irrigation years,Positive
0,No to plastic pollution,plastic pollution,Neutral
19,I was born in 1960 and spend a lot of time outdoors.  It’s getting hotter and storms are getting more intense.,born spend lot time outdoors getting hotter storms getting intense,Positive
2,We all have to move to the Sahara desert and use solar energy (very few trees to cut down in the Sahara),sahara desert use solar energy trees cut sahara,Neutral
0,So when did we start directly measure temperatures?,did start directly measure temperatures,Positive
1,😭,,Neutral
2,"Earth Sun Screen - We as Collaborative Earthlings Launch Lightweight Material such as thin film darkened (tinted) plastic or some lightweight barrier (carbon fiber) into Outer Space to act as a Sunscreen /awning / louvers /pergola between the Earth and the Sun. Placed in orbit to block out the hottest portion of the sun's rays.

Trojan Point / LaGrange Point - is the place between 2 orbiting bodies of gravity equilibrium. Equal pull in both directions. Wherein an object is stuck / suspended between the 2 orbiting bodies and appears motionless in the sky above. This point between the earth and the sun is called L1 (LaGrange1) andis located approx 3 weeks journey from earth,  Possible Timeline: If 100 square miles of material are needed. And if we can launch 1 square mile of Sun Screen material per launch. 100 launches would be needed to assemble the full sun screen panel. Meaning an initial SunScreen Could in theory be fully installed in 1-2 years.

The Orbital Earth Sun Screen could be UV Blocking or tinted different colors to change the color output of the sun's light to benefit / amplify plant life with less heat or bad UV rays. Acting as not only a tint / ""sunglass"" but also a UV Light filter, blocking harmful UV Rays, while changing the output color of the sun to help plants grow faster, with less direct UV heat.

An Orbital Sunscreen could act as a Thermostat to control the sun's output to the earth. Giving Mankind Climate Control. It takes 3 weeks to get to L1 Lagrange Point 1. Maintenance, service, and crew change missions are possible. 

This is Not a permanent fix. Only a delaying action.  
Can someone Calculate how big a 
Solid object 
Spaced apart panels
would have to be to have a 1 degree effect etc.?

Would any benefits come from this?
Adjustable Tint 
Change UV output / polarization for earth plantlife benefits
Change Output Color for plantlife Benefits? 

Thanks for any help or info on this matter",earth sun screen collaborative earthlings launch lightweight material film darkened tinted plastic lightweight barrier carbon fiber outer space act sunscreen awning louvers pergola earth sun placed orbit block hottest portion suns rays trojan point lagrange point place orbiting bodies gravity equilibrium equal pull directions object stuck suspended orbiting bodies appears motionless sky point earth sun called l lagrange andis located approx weeks journey earth possible timeline square miles material needed launch square mile sun screen material launch launches needed assemble sun screen panel meaning initial sunscreen theory fully installed years orbital earth sun screen uv blocking tinted different colors change color output suns light benefit amplify plant life heat bad uv rays acting tint sunglass uv light filter blocking harmful uv rays changing output color sun help plants grow faster direct uv heat orbital sunscreen act thermostat control suns output earth giving mankind climate control takes weeks l lagrange point maintenance service crew change missions possible permanent fix delaying action calculate big solid object spaced apart panels degree effect benefits come adjustable tint change uv output polarization earth plantlife benefits change output color plantlife benefits thanks help info matter,Positive
1,"This is what The CREATOR says about Climate abd weather.

 Amos 4:7
“I also withhold rain from you when the harvest was still three months away. I sent rain on one town, but withheld it from another. One field had rain; another had none and dried up.”

Zechariah 10:1
“Ask the Lord for rain in the season of spring rain. The Lord makes the rain clouds, and He will give them showers of rain and crops in the field for everyone.”

John 3:8
“The wind blows where it pleases, and you hear its sound, but you don’t know where it comes from or where it is going. So it is with everyone born of the Spirit.”",creator says climate abd weather amos withhold rain harvest months away sent rain town withheld field rain dried zechariah ask lord rain season spring rain lord makes rain clouds showers rain crops field john wind blows pleases hear sound dont know comes going born spirit,Positive
2,Awesome! Maybe I can start growing palm trees in my front yard?,awesome maybe start growing palm trees yard,Positive
1,"If climate action is also important to you, don’t miss this week’s Firelight Chat on Wednesday – Climate: Where We Are and What to Do. Marianne will be joined by Peter Kalmus, climate scientist and author of Being the Change: Live Well and Spark a Climate Revolution.
You can watch the stream live directly on our website, marianne2024.com, or follow on Facebook, Twitter, or YouTube this Wednesday, July 12th at 6pm ET/ 3pm PT.",climate action important dont miss weeks firelight chat wednesday climate marianne joined peter kalmus climate scientist author change live spark climate revolution watch stream live directly website mariannecom follow facebook twitter youtube wednesday july th pm et pm pt,Positive
2,Please urge your political representatives to wake up and fight the fossil fuel industry.,urge political representatives wake fight fossil fuel industry,Neutral
4,"Republicans would rather boil the planet and destroy the lives of future generations—than admit that liberals and scientists were correct about climate change. 

It’s literally that simple.",republicans boil planet destroy lives future generationsthan admit liberals scientists correct climate change literally simple,Negative
2,"Planet Earth is warming up fast.  Hurricanes, flooding, and spontaneous fires are occurring more often, with more intensity.",planet earth warming fast hurricanes flooding spontaneous fires occurring intensity,Positive
5,Now they're aware.,theyre aware,Positive
1,How can the heat of the planet be measured accurately unless the body of the thermometer is placed in space and only the sensitive part on the earth just as it would not be accurate to measure anything by imprisoning the whole thermometer in it?,heat planet measured accurately unless body thermometer placed space sensitive earth just accurate measure imprisoning thermometer,Positive
4,I guess we need to do more to reduce CO2 emissions 🤔,guess need reduce emissions,Neutral
2,"The “greenhouse effect” is concerned with the infrared radiation given off by the earth. The sun’s radiation basically passes through the oxygen and nitrogen in the earth’s atmosphere and lands on the earth’s surface, where 70% of it is absorbed; 30% is reflected back into the atmosphere. Part of this radiation bounces off the greenhouse gases and returns to be absorbed by earth. The greenhouses gases (GHGs) are water vapor (H2O), carbon dioxide (CO2), nitrous oxide (NO2) and methane (CH4).

How long does CO2 remain in the atmosphere? This is a difficult question because there are several processes that remove carbon dioxide from the atmosphere. From 65% to 80% of the CO2 that is released into the air dissolves into the ocean over a period of 50-200 years. The rest is removed over several hundred thousand years. According to the IPCC Fourth Assessment Report, about 50% of CO2 increase will be removed from the atmosphere within 30 years, another 30% will be removed within a few centuries and the remaining 20% may stay in the atmosphere for thousands of years. This means that if we could stop carbon dioxide emissions tomorrow, the carbon dioxide in the atmosphere would continue to warm the climate for thousands of years. Methane (CH4), by contrast, persists for about 12 years. Thus, even though methane is 26 times more potent than carbon dioxide, its effect is relatively short-lived. Furthermore, methane has increased from 700 ppb in 1750 to 1893 ppb today; notice that is parts per billion, not parts per million.

If the emissions of carbon dioxide into the atmosphere are causing global warming, how much will the earth warm up by the year 2100? This depends upon how many billions of tons of carbon dioxide are being emitted into the atmosphere. As a general rule, about 1 trillion tons of additional carbon dioxide in the atmosphere (actually 975 billion) will translate to about 125 ppm of additional carbon dioxide. Also, 125 ppm of additional carbon dioxide translates to about 1.8 °F (1 °C) in global warming. This can be verified by the fact that pre-industrial carbon dioxide was about 280 ppm and is now about 405 ppm. During this period, the planet warmed up about 1 °C.

Scientists have measured the amount of atmospheric carbon dioxide which corresponds to 1 ppm and have found that this corresponds to 7.8 billion metric tons of CO2 in the atmosphere. Therefore, in order to increase the global temperature by 1 °C, you would need 125 x 7.8 billion or 975 billion metric tons of carbon dioxide. A metric ton equals 1,000 kilograms (or 2.2 x 1,000 = 2,200 pounds); the U.S. is the only country in the world that does not use the metric ton. In 2016, the world pumped 36.1 billion metric tons (or 39.8 U.S. Gt) of carbon dioxide into the atmosphere. The average per capita emission of carbon dioxide is 7 metric tons per person per year. In the year 2100, there will be about 11 billion people. Therefore, in 2100, in a business-as-usual scenario, we can expect the world to emit 11 x 7 or 77 billion metric tons into the atmosphere per year or an average of 56.5 billion tons for the next 80 years, i.e., an accumulation of 4.52 trillion tons of CO2 by 2300.  Less 25% (1.13 Tt) due to carbon sinks (the oceans are almost saturated with CO2), the world will have an accumulation of 3.4Tt (4.52 – 1.13) of carbon in the atmosphere. Dividing 3.4 trillion tons of CO2 by 975 million = 3.48 °C (6.26 °F).  This means that the world will be 6.26 °F warmer in 2100 than it was in 2020.

The rise in sea level comes from two distinct processes: water expansions (3.3 feet) due to the added 6.26 °F of increased temperature and melting ice, mainly from Greenland (.41 feet) and the Antarctica (.2 feet) or 3.91 total feet by 2100, as well as increased extraction of groundwater due to irrigation.   Although we do not usually notice it, water expands very slightly as it gets warmer. The second and potentially greater contribution to rising sea level comes from the melting of glacial ice. Antarctica has 90% of the ice, Greenland has 9% of the ice (2,931 trillion tons of ice) and the remaining 1% is tied up in continental glaciers, which except for the Himalayas will all melt by 2100.  If Greenland completely melts, it will raise the sea level by about 24 feet (7.2 meters).  If the Antarctica completely melts, it will add 200 feet (or 60 meters) to the sea level rise.   

In the year 2100, I predict that fossil fuels will be almost depleted (coal may last until 2150) and that the temperature rise will level off. My model predicts that Greenland will be losing about 500 Gt of ice per year until the end of the century, resulting in about 0.41 feet of sea level rise by 2100.  In addition, the Antarctica will add another 0.2 feet of sea level rise. Adding this to the 3.3 feet for thermal warming results in a sea level rise of 3.9 feet.  Now add 2 feet due to melting of the West Antarctic Ice Sheet (WAIS) due to the collapse of the Pine Island and Thwaites glaciers and you have a 5.9 foot sea level rise by the end of the century.  NOAA (the National Oceanic and Atmospheric Administration) states that the oceans could rise 8 feet by 2100 under a worse-case scenario, namely a complete collapse of the WAIS.  

What effect would a 5.9 foot sea level rise have on the U.S.? Miami is one of the most vulnerable places to rising seas. About 2 million Americans would see their homes permanently flooded if sea levels rise just 3 feet. If the sea level rises 6 feet, 6 million Americans would see their homes permanently flooded. A new study predicts that as many as 13.1 million Americans in coastal areas will have to relocate by 2100 if the sea level rises 5.9 feet (1.8 meters), which is what I expect to be the most likely scenario.

In addition to sea-level rise, global warming is contributing to increases in the spread of insect-borne illnesses and crop-damaging pests. For example, diseases such as Zika, dengue fever and chikungunya are transmitted by mosquitoes, which pick up these diseases by biting infected people and then spreading them to other people through subsequent bites. Research has shown that warmer temperatures shorten the incubation period, which means the disease can spread more rapidly. Warmer temperatures also tend to increase the geographic range of insects.

Global warming also translates into more extreme weather events because higher temperatures mean an increase in energy in the atmosphere and oceans; energy is what drives weather. While we cannot attribute any particular storm to global warming, we can tie an overall trend to global warming. It makes logical sense that warm ocean waters give birth to more intense weather. Generally, hurricanes cannot survive for long over sea surfaces that are cooler than about 79 °F (26 °C). The longer the ocean waters stay above 79 °F, the more opportunity there is for a hurricane to blossom.

Lastly, global warming will result in more droughts, floods and water scarcity.  Demand for water has tripled during the past 50 years. Currently a half billion people live in a water-stressed country. By 2025, that number is expected to increase to about 3 billion. The vast majority of fresh water, about 70%, is used for agriculture. On the U.S. East Coast, much of the water supply comes from surface water, whereas most of the Midwest gets its water supply from a combination of surface waters and well water. The well water comes from underground aquifers such as the Ogallala Aquifer. At present rates of withdrawal, parts of the Ogallala Aquifer water will be available for irrigation for only another 10 to 20 years.",greenhouse effect concerned infrared radiation given earth suns radiation basically passes oxygen nitrogen earths atmosphere lands earths surface absorbed reflected atmosphere radiation bounces greenhouse gases returns absorbed earth greenhouses gases ghgs water vapor ho carbon dioxide nitrous oxide methane ch long does remain atmosphere difficult question processes remove carbon dioxide atmosphere released air dissolves ocean period years rest removed thousand years according ipcc fourth assessment report increase removed atmosphere years removed centuries remaining stay atmosphere thousands years means stop carbon dioxide emissions tomorrow carbon dioxide atmosphere continue warm climate thousands years methane ch contrast persists years methane times potent carbon dioxide effect relatively shortlived furthermore methane increased ppb ppb today notice parts billion parts million emissions carbon dioxide atmosphere causing global warming earth warm year depends billions tons carbon dioxide emitted atmosphere general rule trillion tons additional carbon dioxide atmosphere actually billion translate ppm additional carbon dioxide ppm additional carbon dioxide translates f c global warming verified fact preindustrial carbon dioxide ppm ppm period planet warmed c scientists measured atmospheric carbon dioxide corresponds ppm corresponds billion metric tons atmosphere order increase global temperature c need x billion billion metric tons carbon dioxide metric ton equals kilograms x pounds country world does use metric ton world pumped billion metric tons gt carbon dioxide atmosphere average capita emission carbon dioxide metric tons person year year billion people businessasusual scenario expect world emit x billion metric tons atmosphere year average billion tons years accumulation trillion tons tt carbon sinks oceans saturated world accumulation tt carbon atmosphere dividing trillion tons million c f means world f warmer rise sea level comes distinct processes water expansions feet added f increased temperature melting ice mainly greenland feet antarctica feet total feet increased extraction groundwater irrigation usually notice water expands slightly gets warmer second potentially greater contribution rising sea level comes melting glacial ice antarctica ice greenland ice trillion tons ice remaining tied continental glaciers himalayas melt greenland completely melts raise sea level feet meters antarctica completely melts add feet meters sea level rise year predict fossil fuels depleted coal temperature rise level model predicts greenland losing gt ice year end century resulting feet sea level rise addition antarctica add feet sea level rise adding feet thermal warming results sea level rise feet add feet melting west antarctic ice sheet wais collapse pine island thwaites glaciers foot sea level rise end century noaa national oceanic atmospheric administration states oceans rise feet worsecase scenario complete collapse wais effect foot sea level rise miami vulnerable places rising seas million americans homes permanently flooded sea levels rise just feet sea level rises feet million americans homes permanently flooded new study predicts million americans coastal areas relocate sea level rises feet meters expect likely scenario addition sealevel rise global warming contributing increases spread insectborne illnesses cropdamaging pests example diseases zika dengue fever chikungunya transmitted mosquitoes pick diseases biting infected people spreading people subsequent bites research shown warmer temperatures shorten incubation period means disease spread rapidly warmer temperatures tend increase geographic range insects global warming translates extreme weather events higher temperatures mean increase energy atmosphere oceans energy drives weather attribute particular storm global warming tie overall trend global warming makes logical sense warm ocean waters birth intense weather generally hurricanes survive long sea surfaces cooler f c longer ocean waters stay f opportunity hurricane blossom lastly global warming result droughts floods water scarcity demand water tripled past years currently half billion people live waterstressed country number expected increase billion vast majority fresh water used agriculture east coast water supply comes surface water midwest gets water supply combination surface waters water water comes underground aquifers ogallala aquifer present rates withdrawal parts ogallala aquifer water available irrigation years,Positive
2,nothing to see here folks....move right along....,folksmove right,Positive
1,I'm in disagreement with someone that says that the heat waves of the 1930s prove that current climate science is wrong about CO2 levels and climate change. What is a good counterpoint to make?,im disagreement says heat waves s prove current climate science wrong levels climate change good counterpoint make,Positive
9,We are speedrunning global ecosystem collapse.,speedrunning global ecosystem collapse,Neutral
1,"The “greenhouse effect” is concerned with the infrared radiation given off by the earth. The sun’s radiation basically passes through the oxygen and nitrogen in the earth’s atmosphere and lands on the earth’s surface, where 70% of it is absorbed; 30% is reflected back into the atmosphere. Part of this radiation bounces off the greenhouse gases and returns to be absorbed by earth. The greenhouses gases (GHGs) are water vapor (H2O), carbon dioxide (CO2), nitrous oxide (NO2) and methane (CH4).

How long does CO2 remain in the atmosphere? This is a difficult question because there are several processes that remove carbon dioxide from the atmosphere. From 65% to 80% of the CO2 that is released into the air dissolves into the ocean over a period of 50-200 years. The rest is removed over several hundred thousand years. According to the IPCC Fourth Assessment Report, about 50% of CO2 increase will be removed from the atmosphere within 30 years, another 30% will be removed within a few centuries and the remaining 20% may stay in the atmosphere for thousands of years. This means that if we could stop carbon dioxide emissions tomorrow, the carbon dioxide in the atmosphere would continue to warm the climate for thousands of years. Methane (CH4), by contrast, persists for about 12 years. Thus, even though methane is 26 times more potent than carbon dioxide, its effect is relatively short-lived. Furthermore, methane has increased from 700 ppb in 1750 to 1893 ppb today; notice that is parts per billion, not parts per million.

If the emissions of carbon dioxide into the atmosphere are causing global warming, how much will the earth warm up by the year 2100? This depends upon how many billions of tons of carbon dioxide are being emitted into the atmosphere. As a general rule, about 1 trillion tons of additional carbon dioxide in the atmosphere (actually 975 billion) will translate to about 125 ppm of additional carbon dioxide. Also, 125 ppm of additional carbon dioxide translates to about 1.8 °F (1 °C) in global warming. This can be verified by the fact that pre-industrial carbon dioxide was about 280 ppm and is now about 405 ppm. During this period, the planet warmed up about 1 °C.

Scientists have measured the amount of atmospheric carbon dioxide which corresponds to 1 ppm and have found that this corresponds to 7.8 billion metric tons of CO2 in the atmosphere. Therefore, in order to increase the global temperature by 1 °C, you would need 125 x 7.8 billion or 975 billion metric tons of carbon dioxide. A metric ton equals 1,000 kilograms (or 2.2 x 1,000 = 2,200 pounds); the U.S. is the only country in the world that does not use the metric ton. In 2016, the world pumped 36.1 billion metric tons (or 39.8 U.S. Gt) of carbon dioxide into the atmosphere. The average per capita emission of carbon dioxide is 7 metric tons per person per year. In the year 2100, there will be about 11 billion people. Therefore, in 2100, in a business-as-usual scenario, we can expect the world to emit 11 x 7 or 77 billion metric tons into the atmosphere per year or an average of 56.5 billion tons for the next 80 years, i.e., an accumulation of 4.52 trillion tons of CO2 by 2300.  Less 25% (1.13 Tt) due to carbon sinks (the oceans are almost saturated with CO2), the world will have an accumulation of 3.4Tt (4.52 – 1.13) of carbon in the atmosphere. Dividing 3.4 trillion tons of CO2 by 975 million = 3.48 °C (6.26 °F).  This means that the world will be 6.26 °F warmer in 2100 than it was in 2020.

The rise in sea level comes from two distinct processes: water expansions (3.3 feet) due to the added 6.26 °F of increased temperature and melting ice, mainly from Greenland (.41 feet) and the Antarctica (.2 feet) or 3.91 total feet by 2100, as well as increased extraction of groundwater due to irrigation.   Although we do not usually notice it, water expands very slightly as it gets warmer. The second and potentially greater contribution to rising sea level comes from the melting of glacial ice. Antarctica has 90% of the ice, Greenland has 9% of the ice (2,931 trillion tons of ice) and the remaining 1% is tied up in continental glaciers, which except for the Himalayas will all melt by 2100.  If Greenland completely melts, it will raise the sea level by about 24 feet (7.2 meters).  If the Antarctica completely melts, it will add 200 feet (or 60 meters) to the sea level rise.   

In the year 2100, I predict that fossil fuels will be almost depleted (coal may last until 2150) and that the temperature rise will level off. My model predicts that Greenland will be losing about 500 Gt of ice per year until the end of the century, resulting in about 0.41 feet of sea level rise by 2100.  In addition, the Antarctica will add another 0.2 feet of sea level rise. Adding this to the 3.3 feet for thermal warming results in a sea level rise of 3.9 feet.  Now add 2 feet due to melting of the West Antarctic Ice Sheet (WAIS) due to the collapse of the Pine Island and Thwaites glaciers and you have a 5.9 foot sea level rise by the end of the century.  NOAA (the National Oceanic and Atmospheric Administration) states that the oceans could rise 8 feet by 2100 under a worse-case scenario, namely a complete collapse of the WAIS.  

What effect would a 5.9 foot sea level rise have on the U.S.? Miami is one of the most vulnerable places to rising seas. About 2 million Americans would see their homes permanently flooded if sea levels rise just 3 feet. If the sea level rises 6 feet, 6 million Americans would see their homes permanently flooded. A new study predicts that as many as 13.1 million Americans in coastal areas will have to relocate by 2100 if the sea level rises 5.9 feet (1.8 meters), which is what I expect to be the most likely scenario.

In addition to sea-level rise, global warming is contributing to increases in the spread of insect-borne illnesses and crop-damaging pests. For example, diseases such as Zika, dengue fever and chikungunya are transmitted by mosquitoes, which pick up these diseases by biting infected people and then spreading them to other people through subsequent bites. Research has shown that warmer temperatures shorten the incubation period, which means the disease can spread more rapidly. Warmer temperatures also tend to increase the geographic range of insects.

Global warming also translates into more extreme weather events because higher temperatures mean an increase in energy in the atmosphere and oceans; energy is what drives weather. While we cannot attribute any particular storm to global warming, we can tie an overall trend to global warming. It makes logical sense that warm ocean waters give birth to more intense weather. Generally, hurricanes cannot survive for long over sea surfaces that are cooler than about 79 °F (26 °C). The longer the ocean waters stay above 79 °F, the more opportunity there is for a hurricane to blossom.

Lastly, global warming will result in more droughts, floods and water scarcity.  Demand for water has tripled during the past 50 years. Currently a half billion people live in a water-stressed country. By 2025, that number is expected to increase to about 3 billion. The vast majority of fresh water, about 70%, is used for agriculture. On the U.S. East Coast, much of the water supply comes from surface water, whereas most of the Midwest gets its water supply from a combination of surface waters and well water. The well water comes from underground aquifers such as the Ogallala Aquifer. At present rates of withdrawal, parts of the Ogallala Aquifer water will be available for irrigation for only another 10 to 20 years.",greenhouse effect concerned infrared radiation given earth suns radiation basically passes oxygen nitrogen earths atmosphere lands earths surface absorbed reflected atmosphere radiation bounces greenhouse gases returns absorbed earth greenhouses gases ghgs water vapor ho carbon dioxide nitrous oxide methane ch long does remain atmosphere difficult question processes remove carbon dioxide atmosphere released air dissolves ocean period years rest removed thousand years according ipcc fourth assessment report increase removed atmosphere years removed centuries remaining stay atmosphere thousands years means stop carbon dioxide emissions tomorrow carbon dioxide atmosphere continue warm climate thousands years methane ch contrast persists years methane times potent carbon dioxide effect relatively shortlived furthermore methane increased ppb ppb today notice parts billion parts million emissions carbon dioxide atmosphere causing global warming earth warm year depends billions tons carbon dioxide emitted atmosphere general rule trillion tons additional carbon dioxide atmosphere actually billion translate ppm additional carbon dioxide ppm additional carbon dioxide translates f c global warming verified fact preindustrial carbon dioxide ppm ppm period planet warmed c scientists measured atmospheric carbon dioxide corresponds ppm corresponds billion metric tons atmosphere order increase global temperature c need x billion billion metric tons carbon dioxide metric ton equals kilograms x pounds country world does use metric ton world pumped billion metric tons gt carbon dioxide atmosphere average capita emission carbon dioxide metric tons person year year billion people businessasusual scenario expect world emit x billion metric tons atmosphere year average billion tons years accumulation trillion tons tt carbon sinks oceans saturated world accumulation tt carbon atmosphere dividing trillion tons million c f means world f warmer rise sea level comes distinct processes water expansions feet added f increased temperature melting ice mainly greenland feet antarctica feet total feet increased extraction groundwater irrigation usually notice water expands slightly gets warmer second potentially greater contribution rising sea level comes melting glacial ice antarctica ice greenland ice trillion tons ice remaining tied continental glaciers himalayas melt greenland completely melts raise sea level feet meters antarctica completely melts add feet meters sea level rise year predict fossil fuels depleted coal temperature rise level model predicts greenland losing gt ice year end century resulting feet sea level rise addition antarctica add feet sea level rise adding feet thermal warming results sea level rise feet add feet melting west antarctic ice sheet wais collapse pine island thwaites glaciers foot sea level rise end century noaa national oceanic atmospheric administration states oceans rise feet worsecase scenario complete collapse wais effect foot sea level rise miami vulnerable places rising seas million americans homes permanently flooded sea levels rise just feet sea level rises feet million americans homes permanently flooded new study predicts million americans coastal areas relocate sea level rises feet meters expect likely scenario addition sealevel rise global warming contributing increases spread insectborne illnesses cropdamaging pests example diseases zika dengue fever chikungunya transmitted mosquitoes pick diseases biting infected people spreading people subsequent bites research shown warmer temperatures shorten incubation period means disease spread rapidly warmer temperatures tend increase geographic range insects global warming translates extreme weather events higher temperatures mean increase energy atmosphere oceans energy drives weather attribute particular storm global warming tie overall trend global warming makes logical sense warm ocean waters birth intense weather generally hurricanes survive long sea surfaces cooler f c longer ocean waters stay f opportunity hurricane blossom lastly global warming result droughts floods water scarcity demand water tripled past years currently half billion people live waterstressed country number expected increase billion vast majority fresh water used agriculture east coast water supply comes surface water midwest gets water supply combination surface waters water water comes underground aquifers ogallala aquifer present rates withdrawal parts ogallala aquifer water available irrigation years,Positive
0,"The “greenhouse effect” is concerned with the infrared radiation given off by the earth. The sun’s radiation basically passes through the oxygen and nitrogen in the earth’s atmosphere and lands on the earth’s surface, where 70% of it is absorbed; 30% is reflected back into the atmosphere. Part of this radiation bounces off the greenhouse gases and returns to be absorbed by earth. The greenhouses gases (GHGs) are water vapor (H2O), carbon dioxide (CO2), nitrous oxide (NO2) and methane (CH4).

How long does CO2 remain in the atmosphere? This is a difficult question because there are several processes that remove carbon dioxide from the atmosphere. From 65% to 80% of the CO2 that is released into the air dissolves into the ocean over a period of 50-200 years. The rest is removed over several hundred thousand years. According to the IPCC Fourth Assessment Report, about 50% of CO2 increase will be removed from the atmosphere within 30 years, another 30% will be removed within a few centuries and the remaining 20% may stay in the atmosphere for thousands of years. This means that if we could stop carbon dioxide emissions tomorrow, the carbon dioxide in the atmosphere would continue to warm the climate for thousands of years. Methane (CH4), by contrast, persists for about 12 years. Thus, even though methane is 26 times more potent than carbon dioxide, its effect is relatively short-lived. Furthermore, methane has increased from 700 ppb in 1750 to 1893 ppb today; notice that is parts per billion, not parts per million.

If the emissions of carbon dioxide into the atmosphere are causing global warming, how much will the earth warm up by the year 2100? This depends upon how many billions of tons of carbon dioxide are being emitted into the atmosphere. As a general rule, about 1 trillion tons of additional carbon dioxide in the atmosphere (actually 975 billion) will translate to about 125 ppm of additional carbon dioxide. Also, 125 ppm of additional carbon dioxide translates to about 1.8 °F (1 °C) in global warming. This can be verified by the fact that pre-industrial carbon dioxide was about 280 ppm and is now about 405 ppm. During this period, the planet warmed up about 1 °C.

Scientists have measured the amount of atmospheric carbon dioxide which corresponds to 1 ppm and have found that this corresponds to 7.8 billion metric tons of CO2 in the atmosphere. Therefore, in order to increase the global temperature by 1 °C, you would need 125 x 7.8 billion or 975 billion metric tons of carbon dioxide. A metric ton equals 1,000 kilograms (or 2.2 x 1,000 = 2,200 pounds); the U.S. is the only country in the world that does not use the metric ton. In 2016, the world pumped 36.1 billion metric tons (or 39.8 U.S. Gt) of carbon dioxide into the atmosphere. The average per capita emission of carbon dioxide is 7 metric tons per person per year. In the year 2100, there will be about 11 billion people. Therefore, in 2100, in a business-as-usual scenario, we can expect the world to emit 11 x 7 or 77 billion metric tons into the atmosphere per year or an average of 56.5 billion tons for the next 80 years, i.e., an accumulation of 4.52 trillion tons of CO2 by 2300.  Less 25% (1.13 Tt) due to carbon sinks (the oceans are almost saturated with CO2), the world will have an accumulation of 3.4Tt (4.52 – 1.13) of carbon in the atmosphere. Dividing 3.4 trillion tons of CO2 by 975 million = 3.48 °C (6.26 °F).  This means that the world will be 6.26 °F warmer in 2100 than it was in 2020.

The rise in sea level comes from two distinct processes: water expansions (3.3 feet) due to the added 6.26 °F of increased temperature and melting ice, mainly from Greenland (.41 feet) and the Antarctica (.2 feet) or 3.91 total feet by 2100, as well as increased extraction of groundwater due to irrigation.   Although we do not usually notice it, water expands very slightly as it gets warmer. The second and potentially greater contribution to rising sea level comes from the melting of glacial ice. Antarctica has 90% of the ice, Greenland has 9% of the ice (2,931 trillion tons of ice) and the remaining 1% is tied up in continental glaciers, which except for the Himalayas will all melt by 2100.  If Greenland completely melts, it will raise the sea level by about 24 feet (7.2 meters).  If the Antarctica completely melts, it will add 200 feet (or 60 meters) to the sea level rise.   

In the year 2100, I predict that fossil fuels will be almost depleted (coal may last until 2150) and that the temperature rise will level off. My model predicts that Greenland will be losing about 500 Gt of ice per year until the end of the century, resulting in about 0.41 feet of sea level rise by 2100.  In addition, the Antarctica will add another 0.2 feet of sea level rise. Adding this to the 3.3 feet for thermal warming results in a sea level rise of 3.9 feet.  Now add 2 feet due to melting of the West Antarctic Ice Sheet (WAIS) due to the collapse of the Pine Island and Thwaites glaciers and you have a 5.9 foot sea level rise by the end of the century.  NOAA (the National Oceanic and Atmospheric Administration) states that the oceans could rise 8 feet by 2100 under a worse-case scenario, namely a complete collapse of the WAIS.  

What effect would a 5.9 foot sea level rise have on the U.S.? Miami is one of the most vulnerable places to rising seas. About 2 million Americans would see their homes permanently flooded if sea levels rise just 3 feet. If the sea level rises 6 feet, 6 million Americans would see their homes permanently flooded. A new study predicts that as many as 13.1 million Americans in coastal areas will have to relocate by 2100 if the sea level rises 5.9 feet (1.8 meters), which is what I expect to be the most likely scenario.

In addition to sea-level rise, global warming is contributing to increases in the spread of insect-borne illnesses and crop-damaging pests. For example, diseases such as Zika, dengue fever and chikungunya are transmitted by mosquitoes, which pick up these diseases by biting infected people and then spreading them to other people through subsequent bites. Research has shown that warmer temperatures shorten the incubation period, which means the disease can spread more rapidly. Warmer temperatures also tend to increase the geographic range of insects.

Global warming also translates into more extreme weather events because higher temperatures mean an increase in energy in the atmosphere and oceans; energy is what drives weather. While we cannot attribute any particular storm to global warming, we can tie an overall trend to global warming. It makes logical sense that warm ocean waters give birth to more intense weather. Generally, hurricanes cannot survive for long over sea surfaces that are cooler than about 79 °F (26 °C). The longer the ocean waters stay above 79 °F, the more opportunity there is for a hurricane to blossom.

Lastly, global warming will result in more droughts, floods and water scarcity.  Demand for water has tripled during the past 50 years. Currently a half billion people live in a water-stressed country. By 2025, that number is expected to increase to about 3 billion. The vast majority of fresh water, about 70%, is used for agriculture. On the U.S. East Coast, much of the water supply comes from surface water, whereas most of the Midwest gets its water supply from a combination of surface waters and well water. The well water comes from underground aquifers such as the Ogallala Aquifer. At present rates of withdrawal, parts of the Ogallala Aquifer water will be available for irrigation for only another 10 to 20 years.",greenhouse effect concerned infrared radiation given earth suns radiation basically passes oxygen nitrogen earths atmosphere lands earths surface absorbed reflected atmosphere radiation bounces greenhouse gases returns absorbed earth greenhouses gases ghgs water vapor ho carbon dioxide nitrous oxide methane ch long does remain atmosphere difficult question processes remove carbon dioxide atmosphere released air dissolves ocean period years rest removed thousand years according ipcc fourth assessment report increase removed atmosphere years removed centuries remaining stay atmosphere thousands years means stop carbon dioxide emissions tomorrow carbon dioxide atmosphere continue warm climate thousands years methane ch contrast persists years methane times potent carbon dioxide effect relatively shortlived furthermore methane increased ppb ppb today notice parts billion parts million emissions carbon dioxide atmosphere causing global warming earth warm year depends billions tons carbon dioxide emitted atmosphere general rule trillion tons additional carbon dioxide atmosphere actually billion translate ppm additional carbon dioxide ppm additional carbon dioxide translates f c global warming verified fact preindustrial carbon dioxide ppm ppm period planet warmed c scientists measured atmospheric carbon dioxide corresponds ppm corresponds billion metric tons atmosphere order increase global temperature c need x billion billion metric tons carbon dioxide metric ton equals kilograms x pounds country world does use metric ton world pumped billion metric tons gt carbon dioxide atmosphere average capita emission carbon dioxide metric tons person year year billion people businessasusual scenario expect world emit x billion metric tons atmosphere year average billion tons years accumulation trillion tons tt carbon sinks oceans saturated world accumulation tt carbon atmosphere dividing trillion tons million c f means world f warmer rise sea level comes distinct processes water expansions feet added f increased temperature melting ice mainly greenland feet antarctica feet total feet increased extraction groundwater irrigation usually notice water expands slightly gets warmer second potentially greater contribution rising sea level comes melting glacial ice antarctica ice greenland ice trillion tons ice remaining tied continental glaciers himalayas melt greenland completely melts raise sea level feet meters antarctica completely melts add feet meters sea level rise year predict fossil fuels depleted coal temperature rise level model predicts greenland losing gt ice year end century resulting feet sea level rise addition antarctica add feet sea level rise adding feet thermal warming results sea level rise feet add feet melting west antarctic ice sheet wais collapse pine island thwaites glaciers foot sea level rise end century noaa national oceanic atmospheric administration states oceans rise feet worsecase scenario complete collapse wais effect foot sea level rise miami vulnerable places rising seas million americans homes permanently flooded sea levels rise just feet sea level rises feet million americans homes permanently flooded new study predicts million americans coastal areas relocate sea level rises feet meters expect likely scenario addition sealevel rise global warming contributing increases spread insectborne illnesses cropdamaging pests example diseases zika dengue fever chikungunya transmitted mosquitoes pick diseases biting infected people spreading people subsequent bites research shown warmer temperatures shorten incubation period means disease spread rapidly warmer temperatures tend increase geographic range insects global warming translates extreme weather events higher temperatures mean increase energy atmosphere oceans energy drives weather attribute particular storm global warming tie overall trend global warming makes logical sense warm ocean waters birth intense weather generally hurricanes survive long sea surfaces cooler f c longer ocean waters stay f opportunity hurricane blossom lastly global warming result droughts floods water scarcity demand water tripled past years currently half billion people live waterstressed country number expected increase billion vast majority fresh water used agriculture east coast water supply comes surface water midwest gets water supply combination surface waters water water comes underground aquifers ogallala aquifer present rates withdrawal parts ogallala aquifer water available irrigation years,Positive
1,Wonder what's causing these heat waves. And when are we starting the measuring in global Temps.,wonder whats causing heat waves starting measuring global temps,Neutral
0,Joni Shepherd Silva Charles Silva,joni shepherd silva charles silva,Neutral
0,Genesis HC,genesis hc,Neutral
0,🐂,,Neutral
0,CC?  NO way to predict ACCURATELY!!,cc way predict accurately,Positive
1,https://m.youtube.com/watch?v=2XuAhOnWQh8&pp=ygUzd2hhdCB0aGUgbWVkaWNhbCBjb21tdW5pdHkgaGFzIHRvIHNheSBhYm91dCBjbGltYXRl,,Neutral
0,Don't worry...the very uneducated oil sycophant MAGAts🤡 assure us it is just weather .,dont worrythe uneducated oil sycophant magats assure just weather,Neutral
1,https://linkso.medium.com/why-the-latest-on-climate-change-is-dire-and-probably-worse-than-theyre-telling-us-78a446c07273,,Neutral
0,Suzie A. Woodruff-Gray,suzie woodruffgray,Neutral
0,"The “greenhouse effect” is concerned with the infrared radiation given off by the earth. The sun’s radiation basically passes through the oxygen and nitrogen in the earth’s atmosphere and lands on the earth’s surface, where 70% of it is absorbed; 30% is reflected back into the atmosphere. Part of this radiation bounces off the greenhouse gases and returns to be absorbed by earth. The greenhouses gases (GHGs) are water vapor (H2O), carbon dioxide (CO2), nitrous oxide (NO2) and methane (CH4).

How long does CO2 remain in the atmosphere? This is a difficult question because there are several processes that remove carbon dioxide from the atmosphere. From 65% to 80% of the CO2 that is released into the air dissolves into the ocean over a period of 50-200 years. The rest is removed over several hundred thousand years. According to the IPCC Fourth Assessment Report, about 50% of CO2 increase will be removed from the atmosphere within 30 years, another 30% will be removed within a few centuries and the remaining 20% may stay in the atmosphere for thousands of years. This means that if we could stop carbon dioxide emissions tomorrow, the carbon dioxide in the atmosphere would continue to warm the climate for thousands of years. Methane (CH4), by contrast, persists for about 12 years. Thus, even though methane is 26 times more potent than carbon dioxide, its effect is relatively short-lived. Furthermore, methane has increased from 700 ppb in 1750 to 1893 ppb today; notice that is parts per billion, not parts per million.

If the emissions of carbon dioxide into the atmosphere are causing global warming, how much will the earth warm up by the year 2100? This depends upon how many billions of tons of carbon dioxide are being emitted into the atmosphere. As a general rule, about 1 trillion tons of additional carbon dioxide in the atmosphere (actually 975 billion) will translate to about 125 ppm of additional carbon dioxide. Also, 125 ppm of additional carbon dioxide translates to about 1.8 °F (1 °C) in global warming. This can be verified by the fact that pre-industrial carbon dioxide was about 280 ppm and is now about 405 ppm. During this period, the planet warmed up about 1 °C.

Scientists have measured the amount of atmospheric carbon dioxide which corresponds to 1 ppm and have found that this corresponds to 7.8 billion metric tons of CO2 in the atmosphere. Therefore, in order to increase the global temperature by 1 °C, you would need 125 x 7.8 billion or 975 billion metric tons of carbon dioxide. A metric ton equals 1,000 kilograms (or 2.2 x 1,000 = 2,200 pounds); the U.S. is the only country in the world that does not use the metric ton. In 2016, the world pumped 36.1 billion metric tons (or 39.8 U.S. Gt) of carbon dioxide into the atmosphere. The average per capita emission of carbon dioxide is 7 metric tons per person per year. In the year 2100, there will be about 11 billion people. Therefore, in 2100, in a business-as-usual scenario, we can expect the world to emit 11 x 7 or 77 billion metric tons into the atmosphere per year or an average of 56.5 billion tons for the next 80 years, i.e., an accumulation of 4.52 trillion tons of CO2 by 2300.  Less 25% (1.13 Tt) due to carbon sinks (the oceans are almost saturated with CO2), the world will have an accumulation of 3.4Tt (4.52 – 1.13) of carbon in the atmosphere. Dividing 3.4 trillion tons of CO2 by 975 million = 3.48 °C (6.26 °F).  This means that the world will be 6.26 °F warmer in 2100 than it was in 2020.

The rise in sea level comes from two distinct processes: water expansions (3.3 feet) due to the added 6.26 °F of increased temperature and melting ice, mainly from Greenland (.41 feet) and the Antarctica (.2 feet) or 3.91 total feet by 2100, as well as increased extraction of groundwater due to irrigation.   Although we do not usually notice it, water expands very slightly as it gets warmer. The second and potentially greater contribution to rising sea level comes from the melting of glacial ice. Antarctica has 90% of the ice, Greenland has 9% of the ice (2,931 trillion tons of ice) and the remaining 1% is tied up in continental glaciers, which except for the Himalayas will all melt by 2100.  If Greenland completely melts, it will raise the sea level by about 24 feet (7.2 meters).  If the Antarctica completely melts, it will add 200 feet (or 60 meters) to the sea level rise.   

In the year 2100, I predict that fossil fuels will be almost depleted (coal may last until 2150) and that the temperature rise will level off. My model predicts that Greenland will be losing about 500 Gt of ice per year until the end of the century, resulting in about 0.41 feet of sea level rise by 2100.  In addition, the Antarctica will add another 0.2 feet of sea level rise. Adding this to the 3.3 feet for thermal warming results in a sea level rise of 3.9 feet.  Now add 2 feet due to melting of the West Antarctic Ice Sheet (WAIS) due to the collapse of the Pine Island and Thwaites glaciers and you have a 5.9 foot sea level rise by the end of the century.  NOAA (the National Oceanic and Atmospheric Administration) states that the oceans could rise 8 feet by 2100 under a worse-case scenario, namely a complete collapse of the WAIS.  

What effect would a 5.9 foot sea level rise have on the U.S.? Miami is one of the most vulnerable places to rising seas. About 2 million Americans would see their homes permanently flooded if sea levels rise just 3 feet. If the sea level rises 6 feet, 6 million Americans would see their homes permanently flooded. A new study predicts that as many as 13.1 million Americans in coastal areas will have to relocate by 2100 if the sea level rises 5.9 feet (1.8 meters), which is what I expect to be the most likely scenario.

In addition to sea-level rise, global warming is contributing to increases in the spread of insect-borne illnesses and crop-damaging pests. For example, diseases such as Zika, dengue fever and chikungunya are transmitted by mosquitoes, which pick up these diseases by biting infected people and then spreading them to other people through subsequent bites. Research has shown that warmer temperatures shorten the incubation period, which means the disease can spread more rapidly. Warmer temperatures also tend to increase the geographic range of insects.

Global warming also translates into more extreme weather events because higher temperatures mean an increase in energy in the atmosphere and oceans; energy is what drives weather. While we cannot attribute any particular storm to global warming, we can tie an overall trend to global warming. It makes logical sense that warm ocean waters give birth to more intense weather. Generally, hurricanes cannot survive for long over sea surfaces that are cooler than about 79 °F (26 °C). The longer the ocean waters stay above 79 °F, the more opportunity there is for a hurricane to blossom.

Lastly, global warming will result in more droughts, floods and water scarcity.  Demand for water has tripled during the past 50 years. Currently a half billion people live in a water-stressed country. By 2025, that number is expected to increase to about 3 billion. The vast majority of fresh water, about 70%, is used for agriculture. On the U.S. East Coast, much of the water supply comes from surface water, whereas most of the Midwest gets its water supply from a combination of surface waters and well water. The well water comes from underground aquifers such as the Ogallala Aquifer. At present rates of withdrawal, parts of the Ogallala Aquifer water will be available for irrigation for only another 10 to 20 years.",greenhouse effect concerned infrared radiation given earth suns radiation basically passes oxygen nitrogen earths atmosphere lands earths surface absorbed reflected atmosphere radiation bounces greenhouse gases returns absorbed earth greenhouses gases ghgs water vapor ho carbon dioxide nitrous oxide methane ch long does remain atmosphere difficult question processes remove carbon dioxide atmosphere released air dissolves ocean period years rest removed thousand years according ipcc fourth assessment report increase removed atmosphere years removed centuries remaining stay atmosphere thousands years means stop carbon dioxide emissions tomorrow carbon dioxide atmosphere continue warm climate thousands years methane ch contrast persists years methane times potent carbon dioxide effect relatively shortlived furthermore methane increased ppb ppb today notice parts billion parts million emissions carbon dioxide atmosphere causing global warming earth warm year depends billions tons carbon dioxide emitted atmosphere general rule trillion tons additional carbon dioxide atmosphere actually billion translate ppm additional carbon dioxide ppm additional carbon dioxide translates f c global warming verified fact preindustrial carbon dioxide ppm ppm period planet warmed c scientists measured atmospheric carbon dioxide corresponds ppm corresponds billion metric tons atmosphere order increase global temperature c need x billion billion metric tons carbon dioxide metric ton equals kilograms x pounds country world does use metric ton world pumped billion metric tons gt carbon dioxide atmosphere average capita emission carbon dioxide metric tons person year year billion people businessasusual scenario expect world emit x billion metric tons atmosphere year average billion tons years accumulation trillion tons tt carbon sinks oceans saturated world accumulation tt carbon atmosphere dividing trillion tons million c f means world f warmer rise sea level comes distinct processes water expansions feet added f increased temperature melting ice mainly greenland feet antarctica feet total feet increased extraction groundwater irrigation usually notice water expands slightly gets warmer second potentially greater contribution rising sea level comes melting glacial ice antarctica ice greenland ice trillion tons ice remaining tied continental glaciers himalayas melt greenland completely melts raise sea level feet meters antarctica completely melts add feet meters sea level rise year predict fossil fuels depleted coal temperature rise level model predicts greenland losing gt ice year end century resulting feet sea level rise addition antarctica add feet sea level rise adding feet thermal warming results sea level rise feet add feet melting west antarctic ice sheet wais collapse pine island thwaites glaciers foot sea level rise end century noaa national oceanic atmospheric administration states oceans rise feet worsecase scenario complete collapse wais effect foot sea level rise miami vulnerable places rising seas million americans homes permanently flooded sea levels rise just feet sea level rises feet million americans homes permanently flooded new study predicts million americans coastal areas relocate sea level rises feet meters expect likely scenario addition sealevel rise global warming contributing increases spread insectborne illnesses cropdamaging pests example diseases zika dengue fever chikungunya transmitted mosquitoes pick diseases biting infected people spreading people subsequent bites research shown warmer temperatures shorten incubation period means disease spread rapidly warmer temperatures tend increase geographic range insects global warming translates extreme weather events higher temperatures mean increase energy atmosphere oceans energy drives weather attribute particular storm global warming tie overall trend global warming makes logical sense warm ocean waters birth intense weather generally hurricanes survive long sea surfaces cooler f c longer ocean waters stay f opportunity hurricane blossom lastly global warming result droughts floods water scarcity demand water tripled past years currently half billion people live waterstressed country number expected increase billion vast majority fresh water used agriculture east coast water supply comes surface water midwest gets water supply combination surface waters water water comes underground aquifers ogallala aquifer present rates withdrawal parts ogallala aquifer water available irrigation years,Positive
0,"The “greenhouse effect” is concerned with the infrared radiation given off by the earth. The sun’s radiation basically passes through the oxygen and nitrogen in the earth’s atmosphere and lands on the earth’s surface, where 70% of it is absorbed; 30% is reflected back into the atmosphere. Part of this radiation bounces off the greenhouse gases and returns to be absorbed by earth. The greenhouses gases (GHGs) are water vapor (H2O), carbon dioxide (CO2), nitrous oxide (NO2) and methane (CH4).

How long does CO2 remain in the atmosphere? This is a difficult question because there are several processes that remove carbon dioxide from the atmosphere. From 65% to 80% of the CO2 that is released into the air dissolves into the ocean over a period of 50-200 years. The rest is removed over several hundred thousand years. According to the IPCC Fourth Assessment Report, about 50% of CO2 increase will be removed from the atmosphere within 30 years, another 30% will be removed within a few centuries and the remaining 20% may stay in the atmosphere for thousands of years. This means that if we could stop carbon dioxide emissions tomorrow, the carbon dioxide in the atmosphere would continue to warm the climate for thousands of years. Methane (CH4), by contrast, persists for about 12 years. Thus, even though methane is 26 times more potent than carbon dioxide, its effect is relatively short-lived. Furthermore, methane has increased from 700 ppb in 1750 to 1893 ppb today; notice that is parts per billion, not parts per million.

If the emissions of carbon dioxide into the atmosphere are causing global warming, how much will the earth warm up by the year 2100? This depends upon how many billions of tons of carbon dioxide are being emitted into the atmosphere. As a general rule, about 1 trillion tons of additional carbon dioxide in the atmosphere (actually 975 billion) will translate to about 125 ppm of additional carbon dioxide. Also, 125 ppm of additional carbon dioxide translates to about 1.8 °F (1 °C) in global warming. This can be verified by the fact that pre-industrial carbon dioxide was about 280 ppm and is now about 405 ppm. During this period, the planet warmed up about 1 °C.

Scientists have measured the amount of atmospheric carbon dioxide which corresponds to 1 ppm and have found that this corresponds to 7.8 billion metric tons of CO2 in the atmosphere. Therefore, in order to increase the global temperature by 1 °C, you would need 125 x 7.8 billion or 975 billion metric tons of carbon dioxide. A metric ton equals 1,000 kilograms (or 2.2 x 1,000 = 2,200 pounds); the U.S. is the only country in the world that does not use the metric ton. In 2016, the world pumped 36.1 billion metric tons (or 39.8 U.S. Gt) of carbon dioxide into the atmosphere. The average per capita emission of carbon dioxide is 7 metric tons per person per year. In the year 2100, there will be about 11 billion people. Therefore, in 2100, in a business-as-usual scenario, we can expect the world to emit 11 x 7 or 77 billion metric tons into the atmosphere per year or an average of 56.5 billion tons for the next 80 years, i.e., an accumulation of 4.52 trillion tons of CO2 by 2300.  Less 25% (1.13 Tt) due to carbon sinks (the oceans are almost saturated with CO2), the world will have an accumulation of 3.4Tt (4.52 – 1.13) of carbon in the atmosphere. Dividing 3.4 trillion tons of CO2 by 975 million = 3.48 °C (6.26 °F).  This means that the world will be 6.26 °F warmer in 2100 than it was in 2020.

The rise in sea level comes from two distinct processes: water expansions (3.3 feet) due to the added 6.26 °F of increased temperature and melting ice, mainly from Greenland (.41 feet) and the Antarctica (.2 feet) or 3.91 total feet by 2100, as well as increased extraction of groundwater due to irrigation.   Although we do not usually notice it, water expands very slightly as it gets warmer. The second and potentially greater contribution to rising sea level comes from the melting of glacial ice. Antarctica has 90% of the ice, Greenland has 9% of the ice (2,931 trillion tons of ice) and the remaining 1% is tied up in continental glaciers, which except for the Himalayas will all melt by 2100.  If Greenland completely melts, it will raise the sea level by about 24 feet (7.2 meters).  If the Antarctica completely melts, it will add 200 feet (or 60 meters) to the sea level rise.   

In the year 2100, I predict that fossil fuels will be almost depleted (coal may last until 2150) and that the temperature rise will level off. My model predicts that Greenland will be losing about 500 Gt of ice per year until the end of the century, resulting in about 0.41 feet of sea level rise by 2100.  In addition, the Antarctica will add another 0.2 feet of sea level rise. Adding this to the 3.3 feet for thermal warming results in a sea level rise of 3.9 feet.  Now add 2 feet due to melting of the West Antarctic Ice Sheet (WAIS) due to the collapse of the Pine Island and Thwaites glaciers and you have a 5.9 foot sea level rise by the end of the century.  NOAA (the National Oceanic and Atmospheric Administration) states that the oceans could rise 8 feet by 2100 under a worse-case scenario, namely a complete collapse of the WAIS.  

What effect would a 5.9 foot sea level rise have on the U.S.? Miami is one of the most vulnerable places to rising seas. About 2 million Americans would see their homes permanently flooded if sea levels rise just 3 feet. If the sea level rises 6 feet, 6 million Americans would see their homes permanently flooded. A new study predicts that as many as 13.1 million Americans in coastal areas will have to relocate by 2100 if the sea level rises 5.9 feet (1.8 meters), which is what I expect to be the most likely scenario.

In addition to sea-level rise, global warming is contributing to increases in the spread of insect-borne illnesses and crop-damaging pests. For example, diseases such as Zika, dengue fever and chikungunya are transmitted by mosquitoes, which pick up these diseases by biting infected people and then spreading them to other people through subsequent bites. Research has shown that warmer temperatures shorten the incubation period, which means the disease can spread more rapidly. Warmer temperatures also tend to increase the geographic range of insects.

Global warming also translates into more extreme weather events because higher temperatures mean an increase in energy in the atmosphere and oceans; energy is what drives weather. While we cannot attribute any particular storm to global warming, we can tie an overall trend to global warming. It makes logical sense that warm ocean waters give birth to more intense weather. Generally, hurricanes cannot survive for long over sea surfaces that are cooler than about 79 °F (26 °C). The longer the ocean waters stay above 79 °F, the more opportunity there is for a hurricane to blossom.

Lastly, global warming will result in more droughts, floods and water scarcity.  Demand for water has tripled during the past 50 years. Currently a half billion people live in a water-stressed country. By 2025, that number is expected to increase to about 3 billion. The vast majority of fresh water, about 70%, is used for agriculture. On the U.S. East Coast, much of the water supply comes from surface water, whereas most of the Midwest gets its water supply from a combination of surface waters and well water. The well water comes from underground aquifers such as the Ogallala Aquifer. At present rates of withdrawal, parts of the Ogallala Aquifer water will be available for irrigation for only another 10 to 20 years.",greenhouse effect concerned infrared radiation given earth suns radiation basically passes oxygen nitrogen earths atmosphere lands earths surface absorbed reflected atmosphere radiation bounces greenhouse gases returns absorbed earth greenhouses gases ghgs water vapor ho carbon dioxide nitrous oxide methane ch long does remain atmosphere difficult question processes remove carbon dioxide atmosphere released air dissolves ocean period years rest removed thousand years according ipcc fourth assessment report increase removed atmosphere years removed centuries remaining stay atmosphere thousands years means stop carbon dioxide emissions tomorrow carbon dioxide atmosphere continue warm climate thousands years methane ch contrast persists years methane times potent carbon dioxide effect relatively shortlived furthermore methane increased ppb ppb today notice parts billion parts million emissions carbon dioxide atmosphere causing global warming earth warm year depends billions tons carbon dioxide emitted atmosphere general rule trillion tons additional carbon dioxide atmosphere actually billion translate ppm additional carbon dioxide ppm additional carbon dioxide translates f c global warming verified fact preindustrial carbon dioxide ppm ppm period planet warmed c scientists measured atmospheric carbon dioxide corresponds ppm corresponds billion metric tons atmosphere order increase global temperature c need x billion billion metric tons carbon dioxide metric ton equals kilograms x pounds country world does use metric ton world pumped billion metric tons gt carbon dioxide atmosphere average capita emission carbon dioxide metric tons person year year billion people businessasusual scenario expect world emit x billion metric tons atmosphere year average billion tons years accumulation trillion tons tt carbon sinks oceans saturated world accumulation tt carbon atmosphere dividing trillion tons million c f means world f warmer rise sea level comes distinct processes water expansions feet added f increased temperature melting ice mainly greenland feet antarctica feet total feet increased extraction groundwater irrigation usually notice water expands slightly gets warmer second potentially greater contribution rising sea level comes melting glacial ice antarctica ice greenland ice trillion tons ice remaining tied continental glaciers himalayas melt greenland completely melts raise sea level feet meters antarctica completely melts add feet meters sea level rise year predict fossil fuels depleted coal temperature rise level model predicts greenland losing gt ice year end century resulting feet sea level rise addition antarctica add feet sea level rise adding feet thermal warming results sea level rise feet add feet melting west antarctic ice sheet wais collapse pine island thwaites glaciers foot sea level rise end century noaa national oceanic atmospheric administration states oceans rise feet worsecase scenario complete collapse wais effect foot sea level rise miami vulnerable places rising seas million americans homes permanently flooded sea levels rise just feet sea level rises feet million americans homes permanently flooded new study predicts million americans coastal areas relocate sea level rises feet meters expect likely scenario addition sealevel rise global warming contributing increases spread insectborne illnesses cropdamaging pests example diseases zika dengue fever chikungunya transmitted mosquitoes pick diseases biting infected people spreading people subsequent bites research shown warmer temperatures shorten incubation period means disease spread rapidly warmer temperatures tend increase geographic range insects global warming translates extreme weather events higher temperatures mean increase energy atmosphere oceans energy drives weather attribute particular storm global warming tie overall trend global warming makes logical sense warm ocean waters birth intense weather generally hurricanes survive long sea surfaces cooler f c longer ocean waters stay f opportunity hurricane blossom lastly global warming result droughts floods water scarcity demand water tripled past years currently half billion people live waterstressed country number expected increase billion vast majority fresh water used agriculture east coast water supply comes surface water midwest gets water supply combination surface waters water water comes underground aquifers ogallala aquifer present rates withdrawal parts ogallala aquifer water available irrigation years,Positive
1,"Dear world, if there was ever a time for the world to UNITE it would be now. I invite all on planet earth to join me giving our beautiful planet a day off 1 day a week on Sundays. The only requirement needed for this to happen and become a reality is rest. The world is spending billions on UNCERTAINTY to save this planet trying to cool it,but cooling it is not changing the amount of emissions on earth or in the atmosphere. Watching and reading all that is being,attempted and done is like watching the movie groundhog day. Trial and error,unknown results,uncertainty,knowing the damage and destruction,and doing it anyway. Repeat again and again and again. Why hasn’t there ever been a time promoting  no risk,effective solution to save planet earth eliminating the amount of emissions on and in the planet just by turning it all off? It is free and results are immediate. Maybe this will not change the amount of emissions in atmosphere from 10 yrs ago,but if earth got that rest 1 day a week it will absolutely rejuvenate all that is being used and needed for earth to be more efficient and effective. Stop experimenting with so much uncertainty that is potentially more destructive and jwork on promoting the world to give earth off on Sundays and shut it off! Maybe the results would be miraculous and would heal this planet quicker than we’d ever imagine. We will never know until it’s done. Make that your great experiment to save the planet. There is no more time to waste and wildfires fires and wars only escalated the time left! We have to act immediately Knowing results not tomorrowS uncertainty! SHUT IT DOWN 1 day a week and NOW! Thanks. Spread the word❤️",dear world time world unite invite planet earth join giving beautiful planet day day week sundays requirement needed happen reality rest world spending billions uncertainty save planet trying cool itbut cooling changing emissions earth atmosphere watching reading beingattempted like watching movie groundhog day trial errorunknown resultsuncertaintyknowing damage destructionand doing repeat time promoting riskeffective solution save planet earth eliminating emissions planet just turning free results immediate maybe change emissions atmosphere yrs agobut earth got rest day week absolutely rejuvenate used needed earth efficient effective stop experimenting uncertainty potentially destructive jwork promoting world earth sundays shut maybe results miraculous heal planet quicker wed imagine know make great experiment save planet time waste wildfires fires wars escalated time left act immediately knowing results tomorrows uncertainty shut day week thanks spread word,Positive
10,Thank you NASA Climate Change.  Your patience and thoroughness with deniers is remarkable.  We need more scientists like you that can explain things to the average person.  I hope to see more discussions like this.  This is the World's number one problem and no one wants to talk about it.,thank nasa climate change patience thoroughness deniers remarkable need scientists like explain things average person hope discussions like worlds number problem wants talk,Positive
24,"I miss my "" old school America""  where we turned to our scientists and doctors for  advice about issues of climate and public health.",miss old school america turned scientists doctors advice issues climate public health,Positive
18,"Thank you Nasa for explaining the scientific evidence. I enjoy reading your articles. I know that I'm not a scientist, but learning and having respect for our earth, should be our ultimate goal.",thank nasa explaining scientific evidence enjoy reading articles know im scientist learning having respect earth ultimate goal,Positive
33,I’m amazed that we’ve been warned since the 70’s about greenhouse gases and I have seen little done over those years. My hopes were after the awareness was made so would action? And here we are. ,im amazed weve warned s greenhouse gases seen little years hopes awareness action,Negative
10,And in the last 20 years the variance is reduced by half or more. That probably means that the oceans are absorbing and releasing energy faster than they used to. That could be both the cause and the result of more severe weather systems. Just guessing.,years variance reduced half probably means oceans absorbing releasing energy faster used cause result severe weather systems just guessing,Positive
0,"The question is, how can we help? Each of us could do a little everyday. I know many people who don’t recicle, and the amount of trash that is dumped into the oceans,lakes, rivers, mountains it is huge, if we all really care there lost of thinks we can do  to make the world a better place, lest get informed and help, let’s doit for the new generation.",question help little everyday know people dont recicle trash dumped oceanslakes rivers mountains huge really care lost thinks make world better place lest informed help lets doit new generation,Positive
9,Time to really do something different. Time to build back better! Better! BETTER!,time really different time build better better better,Positive
1,Only 140 years of data?? C'mon now! We've been going through the same cycles for eons...,years data cmon weve going cycles eons,Neutral
0,"I don't understand the graph, what does it all mean?",dont understand graph does mean,Negative
0,"My question is to NASA. The air in a greenhouse is heated by solar radiation, an increase in solar radiation temperature would also increase temperature. If the temperature outside the earth's atmosphere is above the boiling point of water (approx. 120°C), is it not possible that an increase could affect the atmosphere. Also, heated cosmic radiation could affect the temperature. What comes to mind is the 'P' theory. In an outdoor public unheated pool, you come along a warm spot of water. (We all know what that means.) The solar system could be traveling through such a heated radiation cloud. The Milky Way galaxy has chaotic catastrophic events of stellar birth, life and death throughout. Clouds or jets of superheated radiation blasted into space. Well, we might be entering that space. But, closer to home, one just has to look at a frosted window, on a winter morning, as the light from the sun hits it. With temperatures below freezing, the sun's rays melts the frost. Back to my question, ""Are we just beating a dead horse in hopes to ride forever?""",question nasa air greenhouse heated solar radiation increase solar radiation temperature increase temperature temperature outside earths atmosphere boiling point water approx c possible increase affect atmosphere heated cosmic radiation affect temperature comes mind p theory outdoor public unheated pool come warm spot water know means solar traveling heated radiation cloud milky way galaxy chaotic catastrophic events stellar birth life death clouds jets superheated radiation blasted space entering space closer home just look frosted window winter morning light sun hits temperatures freezing suns rays melts frost question just beating dead horse hopes ride forever,Positive
0,Humans are not understanding life on earth because we only started to study it. Funny that the universe allows us to pretend we have a clue what a warmer earth actually means. ,humans understanding life earth started study funny universe allows pretend clue warmer earth actually means,Positive
0,😲,,Neutral
0,we all on the same boat. i think if we didn't stop oil production by now the water would evaporate and goes outside earth.,boat think didnt stop oil production water evaporate goes outside earth,Neutral
1,"omg.  the slope of the blue line, then the yellow line, then the purple line and now the green line... keep getting steeper.  not only are we heating up but we are heating up FASTER.  this is insane.  and the eruptions during the cooling periods...wonder if there will be cooling periods",omg slope blue line yellow line purple line green line getting steeper heating heating faster insane eruptions cooling periodswonder cooling periods,Negative
1,"Thank you NASA for continuing to highlight this climate catastrophe.  Please keep the conversation going as there is a lot of ignorance to overcome.

The impacts of climate change are already here and are causing devastation to our ecology and environment.   We need to campaign and  lobby our governments to bring in legislation quickly.",thank nasa continuing highlight climate catastrophe conversation going lot ignorance overcome impacts climate change causing devastation ecology environment need campaign lobby governments bring legislation quickly,Positive
0,Sukhwinder Singh,sukhwinder singh,Neutral
0,I don't know much but I think humanity need's to start taking better care of the planet and what has happened to cleaner energy sources?,dont know think humanity needs start taking better care planet happened cleaner energy sources,Positive
5,"As I understand it, even if we reduced emissions to pre-industrial age levels, we still have many meters of sea level rise baked into the oceans. Societies evolved in the relatively stable climate of the Holocene. It's time we developed adaptation approaches for societies that recognize transformation is inevitable and we have entered the Anthropocene. How, or if, societies can adapt is still unclear.",understand reduced emissions preindustrial age levels meters sea level rise baked oceans societies evolved relatively stable climate holocene time developed adaptation approaches societies recognize transformation inevitable entered anthropocene societies adapt unclear,Positive
1,"Anthropogenic global warming is one symptom of a larger problem:  The fact that we have exceeded the capacity of the planet to support us.  We currently have no idea how to build a sustainable high technology civilisation, i.e. one that uses no finite natural resources, generates no pollution and produces no non-recyclable waste.  Moving away from fossil fuels is necessary, but nowhere near sufficient.  As a recent paper says:

""We cannot stress enough that a non-fossil energy regime simply cannot support anywhere close to the present human population of nearly eight billion; this urgently necessitates reducing human numbers as rapidly as possible to avoid unprecedented levels of social unrest and human suffering in the coming decades"".

https://www.mdpi.com/1996-1073/14/15/4508/htm",anthropogenic global warming symptom larger problem fact exceeded capacity planet support currently idea build sustainable high technology civilisation uses finite natural resources generates pollution produces nonrecyclable waste moving away fossil fuels necessary near sufficient recent paper says stress nonfossil energy regime simply support close present human population nearly billion urgently necessitates reducing human numbers rapidly possible avoid unprecedented levels social unrest human suffering coming decades,Positive
1,"Someone forgot to mention to Florida that she was supposed to be warming. We haven't had an above average summer in 3 years now. I miss my childhood summers, when swimming was the only option.",forgot mention florida supposed warming havent average summer years miss childhood summers swimming option,Negative
0,Hot!,hot,Positive
1,"I'd like to go back to 1880, please. ",id like,Neutral
0, How has The Sun changed in 100 years ..is it warmer for Earth,sun changed years warmer earth,Neutral
13,"Climate change is a made up scenario from the dems…… seems they never complain about all the pollution & garbage in 3rd world countries….., only America where we have clean energy ",climate change scenario dems complain pollution garbage rd world countries america clean energy,Positive
5,"The deniers always with the same statements, again and again and again.",deniers statements,Neutral
26,Taking a 140 years of temperature readings on a planet that is 4.5 billion years old and use those to form a meaningful conclusion or find a pattern would be the same as me interviewing a 100 year old person for less than one second........ and use that information to then write their complete biography.,taking years temperature readings planet billion years old use form meaningful conclusion pattern interviewing year old person second use information write complete biography,Positive
6,I havent seen any difference  anywhere. Go ahead and push that agenda though!,havent seen difference ahead push agenda,Neutral
2,Why don't some people believe in science? I just don't understand,dont people believe science just dont understand,Neutral
0,Remember the planet that we live on also went through an ice age....it goes through cycles. Js,remember planet live went ice ageit goes cycles js,Positive
0,Can we also get a data to the left of 1880?.. say 500 years span?,data left say years span,Neutral
19,The difficulty in arguing science with a scientist is that they know what they are talking about! 😁,difficulty arguing science scientist know talking,Neutral
43,"It's worth remembering that land surfaces (red, in the graph below) warm at about twice the rate of global mean temperature rise (green), and the Arctic is warming around three times faster than the global mean.  So, 2C of global warming would mean 4C of average warming on land, and 6C in the Arctic - these are huge changes over the space of a human lifetime, and we would struggle to adapt.  Best to do something about it soon-ish...",worth remembering land surfaces red graph warm twice rate global mean temperature rise green arctic warming times faster global mean c global warming mean c average warming land c arctic huge changes space human lifetime struggle adapt best soonish,Positive
9,The three eruptions from 1880 through 1920 dumped huge amounts of pollution into the atmosphere. And gases that create atmospheric warming. ,eruptions dumped huge amounts pollution atmosphere gases create atmospheric warming,Positive
0,I thought it's stock market chart with indicator 😝,thought stock market chart indicator,Neutral
3,So in 140 years we have a temperature anomaly of 1 degree.  😴,years temperature anomaly degree,Neutral
15,"Scientific denial, are we coming to the Middle Ages? People are dening NASA observations, scientific conclusions. Internet is realising stupidity. What’s next? Flat Earth??",scientific denial coming middle ages people dening nasa observations scientific conclusions internet realising stupidity whats flat earth,Negative
0,"Wow, cool! Or rather: not so cool!",wow cool cool,Positive
0,What caused the cooling after WW2?,caused cooling ww,Neutral
3,When are we going to do something? ,going,Neutral
0,Y vamos pa´riba...,y vamos pariba,Neutral
0,From where we can download this data?,download data,Neutral
1,"I hope for the Best.,  but it's Still Hot., and I have no idea how to react  about all this crazy Weather., and everything that is been Going on at this moment., the only think I can do is Pray for mercy.",hope best hot idea react crazy weather going moment think pray mercy,Positive
0,It is going to get very bad.,going bad,Negative
22,"We have also in the UK lost much of our sea grass - that is also, like trees, very effective at taking CO2 out of the cycle, for quite a while.",uk lost sea grass like trees effective taking cycle quite,Positive
1,"We need to do two things to ensure our species continuation, find other planets quickly. The need for deep space exploration is a must. literally families in space to ensure our continuation. And save our planet!!!! Really crack down with the 'Laws' on littering, pollution and stripping(mining, trees, even animals that. are becoming extinct).",need things ensure species continuation planets quickly need deep space exploration literally families space ensure continuation save planet really crack laws littering pollution strippingmining trees animals extinct,Positive
3,Oh my. I think there needs to be more done than just reducing carbon emissions.  I hope there is a plan b and plan c in the works.🤨,oh think needs just reducing carbon emissions hope plan b plan c works,Neutral
6,"Its about to be a survival for the fittest, whether you are aware of the causes or not.",survival fittest aware causes,Positive
110,"I love watch NASA dunk on people who think they can ""debunk"" climate change",love watch nasa dunk people think debunk climate change,Positive
4,If I were a gambling man I'd look at the pattern. Every year the temperature has risen the one following has been the same or cooler. I wouldn't be surprised to see that pattern broken though. :),gambling man id look pattern year temperature risen following cooler wouldnt surprised pattern broken,Negative
18,"""  Where do you think September 2021 will be? "" ... since nothing's been done to stop the warming trend, somewhere above where it is now ...",think september nothings stop warming trend,Neutral
1,Lies compare the actual recorded temps to this chart and the lie is blatant... the 1930 were actually at or higher than the 2020 claims on this chart,lies compare actual recorded temps chart lie blatant actually higher claims chart,Negative
8,"Are these the same 'Scientist' that claimed we were headed for an Ice Age in the late '70s?  Yea, everybody should believe the science because scientists say so...",scientist claimed headed ice age late s yea everybody believe science scientists say,Negative
0,Can you show the correlation of earth temperatures and sun activity?,correlation earth temperatures sun activity,Neutral
0,"Our magnetic north has moved 30 miles a year since 2000, I think that qualifies that as in our lifetime ",magnetic north moved miles year think qualifies lifetime,Neutral
0,"Are you looking at sunspot data since they have been recording them and the correlation of effect on our climate? I have, and research shows sunspots have had huge effect on our climate, not to mention the effects of volcanic eruptions. For example when mt. St. Helens erupted it cooled earth entire temperature 1.5 degrees.",looking sunspot data recording correlation effect climate research shows sunspots huge effect climate mention effects volcanic eruptions example mt st helens erupted cooled earth entire temperature degrees,Positive
0,Need to spread your data out. Not saying we as humans dont need to be more efficient. Lots of spikes and valleys..,need spread data saying humans dont need efficient lots spikes valleys,Neutral
2,"Why do Climate Change scientists never show up to debates on climate change? The earths surface has risen 1 whole degree in the last 1,000 years and y’all never showed up to debate it???? Shocking",climate change scientists debates climate change earths surface risen degree years yall showed debate shocking,Negative
2,We have Billions of asphalt on earth. World is not able to cool down from the asphalt. Due to fact holding in heat. Wake up stupid people. Yes other thing contribute also. Main problem asphalt,billions asphalt earth world able cool asphalt fact holding heat wake stupid people yes thing contribute main problem asphalt,Positive
0,What causes the earths core to increase? And how much has it increased in the last 20 years?,causes earths core increase increased years,Neutral
0,Theory is Free all the Dammed Rivers in the world. Let the rivers flow into the sea like God intended. Man plans God laughs.We are a planet of water. When you Dam a river you disrupt the rotation of Earth thus causing global warming ,theory free dammed rivers world let rivers flow sea like god intended man plans god laughswe planet water dam river disrupt rotation earth causing global warming,Positive
0,"Do you not know that the axis has moved move than ever, do you know why....dont tell me climatic change",know axis moved know whydont tell climatic change,Neutral
1,"What are you going to do about Mars. Mars is warming up faster than the earth. OH, YOU THINK IT MIGHT BE A CYCLE OF THE SUN, AND WE CANNOT DO ANYTHING ABOUT IT.   If you’re worried about air pollution, the U.S. has done a very good job of that.  Go and talk to China and India about it. They’re pretty much the world leaders in pollution ",going mars mars warming faster earth oh think cycle sun youre worried air pollution good job talk china india theyre pretty world leaders pollution,Positive
2,"Here is the real story. It shows about 140,000 year cycles between ice age and warm periods.",real story shows year cycles ice age warm periods,Positive
1,Isn't it disingenuous to show increase in temperature since 1890? The coldest year in the last 600 years?,isnt disingenuous increase temperature coldest year years,Neutral
1,Why start in 1951? Go back at lest 1000 years if you want any kind of climate picture!,start lest years want kind climate picture,Positive
0,Hi NASA can you explain to me why this year would have been warmer when the CO gases where dramatically lowered because of the pandemic? I am not a denyer I am just trying to figure out the data. ,hi nasa explain year warmer gases dramatically lowered pandemic denyer just trying figure data,Neutral
2,No accountabilty for the fact our north pole has migrated so far they had to rewrite gps software?  Since the magnetic poles are no longer diametrically opposed it weakens our magnetosphere which protects us from cosmic radiation. If your model does not account for this... youre not using science.,accountabilty fact north pole migrated far rewrite gps software magnetic poles longer diametrically opposed weakens magnetosphere protects cosmic radiation model does account youre using science,Positive
9,"I’m afraid NASA has been added to my list of agencies with no credibility. Wow, that list just keeps growing. ",im afraid nasa added list agencies credibility wow list just keeps growing,Negative
16,NASA Climate Change Thanks for all the work and for your dedication especially for answering a lot of the sceptics comments with real scientific datas. Keep on doing a great job!,nasa climate change thanks work dedication especially answering lot sceptics comments real scientific datas doing great job,Positive
2,"It,s Called Fall",called fall,Neutral
1,Where are the graphs for the Roman Warm Period and the Medieval Warm Period?,graphs roman warm period medieval warm period,Positive
0,Climate change is a political issue created by the left to institute their policy. There is no global warming. It can’t be proven. It does not exist,climate change political issue created left institute policy global warming proven does exist,Neutral
2,"Hasn't our climate been warming since the ice age?
Much of earth was a tropical rain Forrest including Antarctica. North pole had a tropical climate as well. Is Earth just getting back to what it once was?",climate warming ice age earth tropical rain forrest including antarctica north pole tropical climate earth just getting,Neutral
4,All this crap is based on false information so Scientists can continue to receive grants you guys who buy into this bull are truly gullible!!!,crap based false information scientists continue receive grants guys buy bull truly gullible,Negative
0,"What about 1936, very convenient to start at 1950",convenient start,Neutral
2,The VAST majority of Earths history has been a LOT warmer than we are now.  Modern humans have only been around for a tiny fraction of that time.  Trilobites must have not been very (green)...🤔,vast majority earths history lot warmer modern humans tiny fraction time trilobites green,Neutral
0,"Has a lot to do with the sun,",lot sun,Neutral
4,"Wow, we are almost as warm as we were in the medieval climate optimum around a thousand years ago!",wow warm medieval climate optimum thousand years ago,Positive
0,"Can you continue back further in time, by whatever means you have to determine temperature?",continue time means determine temperature,Neutral
3,We never had climate change till they strady shooting rockets in to space. The more we explore space the words our planet changes. You blame our cars . What about rocket file it takes to lift off. To get in to space.,climate change till strady shooting rockets space explore space words planet changes blame cars rocket file takes lift space,Neutral
4,Anyone else think climate change is a natural part of earth's cycle,think climate change natural earths cycle,Positive
1,Alright... so who caused the ice age?,alright caused ice age,Neutral
3,"Moonlandings, climate change, covid, etc are hoaxes. Don't buy.",moonlandings climate change covid hoaxes dont buy,Neutral
0,Southern hemisphere?,southern hemisphere,Neutral
16,"I remember in the 70’s everything was about a new ice age. That did not happen. 
Read Apocalypse Never by Micheal Sellenberger. Get some real, solid information ",remember s new ice age did happen read apocalypse micheal sellenberger real solid information,Positive
2,Summers are getting hotter and winters are getting colder as a result of climate change ,summers getting hotter winters getting colder result climate change,Neutral
6,"The Southern Hemisphere has gotten colder,  which means what then.....",southern hemisphere gotten colder means,Neutral
2,"Is there a reason the change escalates so drastically in the 1980s?

I know we saw a huge spike in CO2 at the start of the Industrial Revolution, and by this chart we can see the temps increase around that time but they stay mostly steady-ish up until roughly 1980 then it starts to spike again.",reason change escalates drastically s know saw huge spike start industrial revolution chart temps increase time stay steadyish roughly starts spike,Positive
2,"How does one go about taking the earth's temperature? I know how to take my own temperature, but that's it. If it's a matter of taking a bunch of temperatures in a bunch of locations, how do you decide which locations?",does taking earths temperature know temperature thats matter taking bunch temperatures bunch locations decide locations,Neutral
1,Why start at 1951?,start,Neutral
3,"Oh, don't worry - 
prez said that soon it will start cooling down again.",oh dont worry prez said soon start cooling,Neutral
5,Climate change is real ,climate change real,Positive
10,"Global warming , it’s happened before , it’s happening now , it will happen again.  There will probably be an Ice  Age .   Live life while your still here.  ",global warming happened happening happen probably ice age live life,Positive
4,What was the reason for the dust bowl in the1920’s,reason dust bowl thes,Neutral
28,It’s not all Climate change believe me there’s a lot of other things to consider here & u all no it. The lying Democrats think their always right u know it.,climate change believe theres lot things consider u lying democrats think right u know,Positive
0,"Link doesn't seem to be working, can you repost?",link doesnt working repost,Neutral
15,"""I dont think science knows!""",dont think science knows,Neutral
16,The climate is changing but it’s ridiculous to think that we humans can change that! If we’re the cause what caused the last ice age to melt??,climate changing ridiculous think humans change cause caused ice age melt,Negative
3,Re ord being from 1860 something...lolol,ord somethinglolol,Neutral
7,The sad thing is that if we look at projected crude oil demand and new coal fired power plants coming online next 10 years this graph will continue to increase exponentially,sad thing look projected crude oil demand new coal fired power plants coming online years graph continue increase exponentially,Negative
0,Don’t worry.  It will start getting cooler now.  And when you’re freezing cold nobody will be talking about global warming.  Then it will be when will this freeze end.  It was a very mild summer in CA this year.  ,dont worry start getting cooler youre freezing cold talking global warming freeze end mild summer ca year,Negative
0,Lower,lower,Neutral
0,unfortunatelly ,unfortunatelly,Neutral
0,Can we speak about a climate change based only on data between 1880 - 2020 ?,speak climate change based data,Neutral
3,"Okay Students...repeat after me truth NUCLEAR BOMBS EITHER BEING TESTED ABOVE OR BELOW GROUND NUKING  FORIEGN COUNTRIES!!!! And repeat the lie it's air pollution causing global warming. From your car factories, or coal factories, or air pollution from exhaust fumes from vehicles or candy factories or whatever government or eco friendly tree huggers says it is cuz they wouldn't lie and place a thousand taxable regulations on innocent people ever  😉",okay studentsrepeat truth nuclear bombs tested ground nuking foriegn countries repeat lie air pollution causing global warming car factories coal factories air pollution exhaust fumes vehicles candy factories government eco friendly tree huggers says cuz wouldnt lie place thousand taxable regulations innocent people,Positive
0,If Christians actually read their Bibles they would know that Climate Change is completely biblical! To deny climate change is to deny the Bible! ,christians actually read bibles know climate change completely biblical deny climate change deny bible,Positive
1,"One (1) degree C in 140 years...

...got it",degree c years got,Neutral
11,That is only 150 years of data. Periods of global heating and cooling have lasted for thousands of years according to geological data. The temperature could start a downward cycle at any time ,years data periods global heating cooling lasted thousands years according geological data temperature start downward cycle time,Neutral
6,Excellent reports by NASA.  Too bad be are living in an Era of celebrating ignorance.,excellent reports nasa bad living era celebrating ignorance,Positive
1,Dalton Van Stratten this is interesting!  ,dalton van stratten interesting,Positive
6,"NASA climate, thank you ",nasa climate thank,Neutral
0,Andy Welborn,andy welborn,Neutral
3,"Our Planet is Hotter!!!
And Climate Change is Here !!!
These People are Experts !!!
Simple as That !!!
Now Let Me Put it To You This Way !!!
There is No Planet 🌎 B !!!!!!😠😎😷",planet hotter climate change people experts simple let way planet b,Neutral
0,😳,,Neutral
1,"We are still at the tail end of an ice age. 

The earth is SUPPOSED to be warming.

We just need to sequester the carbon we mined and turned to a gaseous phase ",tail end ice age earth supposed warming just need sequester carbon mined turned gaseous phase,Neutral
10,"Earth goes through these cycles every so often, the weather people has only been keeping data for a very short time and want to teach us about how the Earth behaves from millions of years back to our present day……they are full of air……",earth goes cycles weather people keeping data short time want teach earth behaves millions years present daythey air,Neutral
0,"So, what you're say is we need more volcanic eruptions to blanket the earth with ash and cool it down? We're going to need Dr Evils help after all",youre say need volcanic eruptions blanket earth ash cool going need dr evils help,Positive
0,Thank you for posting..and replying to the idiot deniers,thank postingand replying idiot deniers,Negative
2,My understanding is that you don’t account for solar activity(flares) to the climate and attribute that data towards human caused change which skews the conclusion. The climate may be changing but the % of human caused climate change is almost negligible if you account for the data properly.  ,understanding dont account solar activityflares climate attribute data human caused change skews conclusion climate changing human caused climate change negligible account data properly,Neutral
1,"How much do this contribute to the sea level rise in oceans  
https://sealevel.nasa.gov/news/111/lasting-impressions-ice-age-echoes-affect-present-day-sea-level  Would be greatful for an answer",contribute sea level rise oceans greatful answer,Neutral
1,Let’s see an eon of comparison…this short a sample is ridiculous.,lets eon comparisonthis short sample ridiculous,Negative
0,"115 Times More Than Man

https://scitechdaily.com/deadwood-releasing-10-9-gigatons-of-carbon-every-year-more-than-all-fossil-fuel-emissions-combined/",times man,Neutral
1,Think how to neutralize the global warming?,think neutralize global warming,Neutral
6,Quit chopping down all the forest maybe that may help?  Or is someone going to tell me that doesn't play a role?,quit chopping forest maybe help going tell doesnt play role,Neutral
0,"Meziah Jolley what money, exactly? ",meziah jolley money exactly,Positive
37,Blah blah blah. There is nothing man can do to stop this or create this. Remember when scientists said the next ice age is coming. When Al Gore said the world wouldn't make 2012. Remember how many times these climate scientists changed the data to prove their beliefs.  No offense NASA the data proves we are getting warmer. It does not prove However that man caused it.,blah blah blah man stop create remember scientists said ice age coming al gore said world wouldnt make remember times climate scientists changed data prove beliefs offense nasa data proves getting warmer does prove man caused,Positive
1,The ‘die back’ Is going to be horrendous. ,die going horrendous,Neutral
0,.98 Lowest smoothing,lowest smoothing,Neutral
2,I'm STILL waiting for that Next Ice Age scare in the '70s!,im waiting ice age scare s,Neutral
0,sad that its just a matter of time now.,sad just matter time,Negative
9,Denying human involvement in climate change does not change facts. The data is revealing.,denying human involvement climate change does change facts data revealing,Neutral
0,Oh dear,oh dear,Neutral
0,Ruth Crowl Frank Bulbeck. Wow..,ruth crowl frank bulbeck wow,Positive
0,"Thats correct. There is a pattern also that alternates within our seismograph charts concerning our orbital plain, a Triannual process that reoccurs  within our planets equinoxes..our seasons..they correlate.",thats correct pattern alternates seismograph charts concerning orbital plain triannual process reoccurs planets equinoxesour seasonsthey correlate,Negative
54,"I'm kinda surprised that the trolls blaming ""Earth's natural cycles"" haven't already chimed in...",im kinda surprised trolls blaming earths natural cycles havent chimed,Positive
6,Hey NASA any chance you could give us your annual fuel usage over the last 60 years? 🙄,hey nasa chance annual fuel usage years,Neutral
4,A really good analogy of the effect of CO2 in our atmosphere.,really good analogy effect atmosphere,Positive
13,What confuses me is if this coat is getting “puffier” how are all-time cold records still being broken? Is this normal?,confuses coat getting puffier alltime cold records broken normal,Negative
4,How can we stop increasing the amount of CO2?,stop increasing,Neutral
0,Question to NASA. How do you calculate these average worldwide temperatures?,question nasa calculate average worldwide temperatures,Negative
0,How to drink 💧 water 💦. How to observe.maybe .,drink water observemaybe,Neutral
1,In 1750 how were they able to know the C02 in Our Atmosphere?,able know c atmosphere,Positive
3,"In terms raw CO2 ppm, the difference between now & 1750 is greater than the difference between 1750 and the last Ice Age. Just something to think about.",terms raw ppm difference greater difference ice age just think,Positive
2,"You know how people say “The Earth’s climate has been changing since long before people started using coal and gas and oil.”?  Well they’re correct. 

But how?  Why does the climate change?  

It’s not magic. 

The climate changes because the Earth’s orbit varies - it isn’t a perfect oval. No planet’s orbit is perfect. 

The tiny bit of change in our orbit means we get slightly more warmth from the sun during one phase and slightly less during the other. Just a tiny amount. 

The variation in orbit is called the Milankovitch Cycle. 

Does having a little more or less sun cause ice ages and warm spells?  Not on its own.

But when the Earth’s atmosphere warms just a smidge, the oceans warm up. And as they warm they release carbon dioxide.  When they cool down, they absorb carbon dioxide. 

It’s just the nature of gases - they’re absorbed into cool water and released when water warms up. Think about a pot of boiling water releasing bubbles.

Carbon dioxide (CO2) traps heat. So as the CO2 level in the air rises, the atmospheric temperature increases.  Which causes more CO2 to be released by the oceans.  Which raises the temperature some more. 

It’s a positive feedback loop.  

When our orbit is in the cooler phase the temperature falls and the CO2 level slowly goes back down.  Cooling off takes longer than warming up. 

During ice ages, the CO2 level was 180 parts per million (ppm) and during warm spells, the CO2 has been 280 ppm.
It’s been a  consistent system for 800,000 years. Heats up, cools very slowly. 180-280 ppm, back and forth. 

The problem is…for 150 years we’ve been digging up fossil fuels and burning them, adding CO2 to the atmosphere. Gigatons of CO2. Every year. 

So the CO2 level in the atmosphere is now over 400ppm.  

More carbon dioxide traps more heat -  like throwing another blanket on your bed.  

And climate change is causing more climate change. 

As the permafrost in Siberia thaws, gigatons of methane gas are being released. Methane traps 30 times more heat than CO2. 

Once-frozen Siberia has been burning, which releases more CO2. 

Melting glaciers mean the Earth loses reflectivity and absorbs more heat. Which causes more melting.",know people say earths climate changing long people started using coal gas oil theyre correct does climate change magic climate changes earths orbit varies isnt perfect oval planets orbit perfect tiny bit change orbit means slightly warmth sun phase slightly just tiny variation orbit called milankovitch cycle does having little sun cause ice ages warm spells earths atmosphere warms just smidge oceans warm warm release carbon dioxide cool absorb carbon dioxide just nature gases theyre absorbed cool water released water warms think pot boiling water releasing bubbles carbon dioxide traps heat level air rises atmospheric temperature increases causes released oceans raises temperature positive feedback loop orbit cooler phase temperature falls level slowly goes cooling takes longer warming ice ages level parts million ppm warm spells ppm consistent years heats cools slowly ppm forth problem isfor years weve digging fossil fuels burning adding atmosphere gigatons year level atmosphere ppm carbon dioxide traps heat like throwing blanket bed climate change causing climate change permafrost siberia thaws gigatons methane gas released methane traps times heat oncefrozen siberia burning releases melting glaciers mean earth loses reflectivity absorbs heat causes melting,Positive
1,"I think the emission of greenhouse gases will never stop. As long human still in need of materials, industries and mining will never stop. Without mining life will be different today because everything we see in the world today is from mining. Stop mining, stop greenhouse gases emissions",think emission greenhouse gases stop long human need materials industries mining stop mining life different today world today mining stop mining stop greenhouse gases emissions,Negative
0,"By 'people' hope they refer to the BIG GREEDY ones ,the big manufacturing industry ...we swim in an ocean of plastic everything , from packaging your bread to plastic clothing and mostly everything in a household 😢",people hope refer big greedy ones big manufacturing industry swim ocean plastic packaging bread plastic clothing household,Neutral
1,Great metaphor,great metaphor,Positive
0,Excellent analogy,excellent analogy,Positive
0,"I love, and hate how NASA needs to use a 1st grade metaphor to convey this message. :D :(",love hate nasa needs use st grade metaphor convey message d,Negative
0,Actually with current pledges in emission reductions we are still adding insulation layers year by year for the next 28 years (minimum). We need to be much quicker…,actually current pledges emission reductions adding insulation layers year year years minimum need quicker,Neutral
0,"I hope that each country should be reminded of their emissions by constantly tracking them in space and it is fascinating ,the coat should not be puffer.",hope country reminded emissions constantly tracking space fascinating coat puffer,Positive
1,NASA Climate Change Is it not a bad idea to start building self sustaining city’s under domes? And perfect that way of life before climate just abruptly changes? 🤔 even if it’s possible to just do one ☝️ that data alone is priceless for future use. Just my humble opinion. I feel like the ship 🛳 has sailed on trying to curtail the climate issue,nasa climate change bad idea start building self sustaining citys domes perfect way life climate just abruptly changes possible just data priceless future use just humble opinion feel like ship sailed trying curtail climate issue,Positive
2,"People co-evolved with other organisms like fungi. As the fungi adapt to a rapidly warming world, they are able to survive above human body temperature and pose a direct growing threat to human health. 

https://www.who.int/news/item/25-10-2022-who-releases-first-ever-list-of-health-threatening-fungi",people coevolved organisms like fungi fungi adapt rapidly warming world able survive human body temperature pose direct growing threat human health,Positive
1,"Are you similarly confused by the all-time record heat and drought, where the hottest years ever recorded are being experienced right now, or is that invisible to you?",similarly confused alltime record heat drought hottest years recorded experienced right invisible,Positive
0,"thank's of Philosophy share knowledge..., Partner..",thanks philosophy share knowledge partner,Positive
0,"In the 70s we had fuel restrictions, general speed limit was dropped from 120km/h to 80. Filling stations closed overnight. Made long distance travell  difficult.  Trucks were not allowed to take freight between towns, trains had to be used. As a country, there was a huge drop in fuel used, as well as a disproportionate drop in traffic accidents and deaths. This got me thinking about all the carbon that over millions of years has been collected by the earth and now over a hundred we are digging it up and releasing it into the atmosphere... at some point it had to make a difference? I also thought about all the chemical uses of oil, we WILL use it up at some point!   
  However, people using climate change for nefarious ends does us no favors, people sense this and attack our efforts to reverse climate change.",s fuel restrictions general speed limit dropped kmh filling stations closed overnight long distance travell difficult trucks allowed freight towns trains used country huge drop fuel used disproportionate drop traffic accidents deaths got thinking carbon millions years collected earth digging releasing atmosphere point make difference thought chemical uses oil use point people using climate change nefarious ends does favors people sense attack efforts reverse climate change,Negative
0,Sadly,sadly,Negative
1,James Procak because the expanding heat allows the cold to drop down it changes the currents that would keep the cold from dropping down in areas that did not have the colder temperatures. As you’ve seen more extreme weather events are happening more often. Events that occurred maybe once in fifty years are now occurring every few years.,james procak expanding heat allows cold drop changes currents cold dropping areas did colder temperatures youve seen extreme weather events happening events occurred maybe years occurring years,Negative
1,Manuel Edgardo Lugo Recart,manuel edgardo lugo recart,Neutral
0,"The “greenhouse effect” is concerned with the infrared radiation given off by the earth. The sun’s radiation basically passes through the oxygen and nitrogen in the earth’s atmosphere and lands on the earth’s surface, where 70% of it is absorbed; 30% is reflected back into the atmosphere. Part of this radiation bounces off the greenhouse gases and returns to be absorbed by earth. The greenhouses gases (GHGs) are water vapor (H2O), carbon dioxide (CO2), nitrous oxide (NO2) and methane (CH4).

How long does CO2 remain in the atmosphere? This is a difficult question because there are several processes that remove carbon dioxide from the atmosphere. From 65% to 80% of the CO2 that is released into the air dissolves into the ocean over a period of 50-200 years. The rest is removed over several hundred thousand years. According to the IPCC Fourth Assessment Report, about 50% of CO2 increase will be removed from the atmosphere within 30 years, another 30% will be removed within a few centuries and the remaining 20% may stay in the atmosphere for thousands of years. This means that if we could stop carbon dioxide emissions tomorrow, the carbon dioxide in the atmosphere would continue to warm the climate for thousands of years. Methane (CH4), by contrast, persists for about 12 years. Thus, even though methane is 26 times more potent than carbon dioxide, its effect is relatively short-lived. Furthermore, methane has increased from 700 ppb in 1750 to 1893 ppb today; notice that is parts per billion, not parts per million.

If the emissions of carbon dioxide into the atmosphere are causing global warming, how much will the earth warm up by the year 2100? This depends upon how many billions of tons of carbon dioxide are being emitted into the atmosphere. As a general rule, about 1 trillion tons of additional carbon dioxide in the atmosphere (actually 975 billion) will translate to about 125 ppm of additional carbon dioxide. Also, 125 ppm of additional carbon dioxide translates to about 1.8 °F (1 °C) in global warming. This can be verified by the fact that pre-industrial carbon dioxide was about 280 ppm and is now about 405 ppm. During this period, the planet warmed up about 1 °C.

Scientists have measured the amount of atmospheric carbon dioxide which corresponds to 1 ppm and have found that this corresponds to 7.8 billion metric tons of CO2 in the atmosphere. Therefore, in order to increase the global temperature by 1 °C, you would need 125 x 7.8 billion or 975 billion metric tons of carbon dioxide. A metric ton equals 1,000 kilograms (or 2.2 x 1,000 = 2,200 pounds); the U.S. is the only country in the world that does not use the metric ton. In 2016, the world pumped 36.1 billion metric tons (or 39.8 U.S. Gt) of carbon dioxide into the atmosphere. The average per capita emission of carbon dioxide is 7 metric tons per person per year. In the year 2100, there will be about 11 billion people. Therefore, in 2100, in a business-as-usual scenario, we can expect the world to emit 11 x 7 or 77 billion metric tons into the atmosphere per year or an average of 56.5 billion tons for the next 80 years, i.e., an accumulation of 4.52 trillion tons of CO2 by 2300.  Less 25% (1.13 Tt) due to carbon sinks (the oceans are almost saturated with CO2), the world will have an accumulation of 3.4Tt (4.52 – 1.13) of carbon in the atmosphere. Dividing 3.4 trillion tons of CO2 by 975 million = 3.48 °C (6.26 °F).  This means that the world will be 6.26 °F warmer in 2100 than it was in 2020.

The rise in sea level comes from two distinct processes: water expansions (3.3 feet) due to the added 6.26 °F of increased temperature and melting ice, mainly from Greenland (.41 feet) and the Antarctica (.2 feet) or 3.91 total feet by 2100, as well as increased extraction of groundwater due to irrigation.   Although we do not usually notice it, water expands very slightly as it gets warmer. The second and potentially greater contribution to rising sea level comes from the melting of glacial ice. Antarctica has 90% of the ice, Greenland has 9% of the ice (2,931 trillion tons of ice) and the remaining 1% is tied up in continental glaciers, which except for the Himalayas will all melt by 2100.  If Greenland completely melts, it will raise the sea level by about 24 feet (7.2 meters).  If the Antarctica completely melts, it will add 200 feet (or 60 meters) to the sea level rise.   

In the year 2100, I predict that fossil fuels will be almost depleted (coal may last until 2150) and that the temperature rise will level off. My model predicts that Greenland will be losing about 500 Gt of ice per year until the end of the century, resulting in about 0.41 feet of sea level rise by 2100.  In addition, the Antarctica will add another 0.2 feet of sea level rise. Adding this to the 3.3 feet for thermal warming results in a sea level rise of 3.9 feet.  Now add 2 feet due to melting of the West Antarctic Ice Sheet (WAIS) due to the collapse of the Pine Island and Thwaites glaciers and you have a 5.9 foot sea level rise by the end of the century.  NOAA (the National Oceanic and Atmospheric Administration) states that the oceans could rise 8 feet by 2100 under a worse-case scenario, namely a complete collapse of the WAIS.  

What effect would a 5.9 foot sea level rise have on the U.S.? Miami is one of the most vulnerable places to rising seas. About 2 million Americans would see their homes permanently flooded if sea levels rise just 3 feet. If the sea level rises 6 feet, 6 million Americans would see their homes permanently flooded. A new study predicts that as many as 13.1 million Americans in coastal areas will have to relocate by 2100 if the sea level rises 5.9 feet (1.8 meters), which is what I expect to be the most likely scenario.

In addition to sea-level rise, global warming is contributing to increases in the spread of insect-borne illnesses and crop-damaging pests. For example, diseases such as Zika, dengue fever and chikungunya are transmitted by mosquitoes, which pick up these diseases by biting infected people and then spreading them to other people through subsequent bites. Research has shown that warmer temperatures shorten the incubation period, which means the disease can spread more rapidly. Warmer temperatures also tend to increase the geographic range of insects.

Global warming also translates into more extreme weather events because higher temperatures mean an increase in energy in the atmosphere and oceans; energy is what drives weather. While we cannot attribute any particular storm to global warming, we can tie an overall trend to global warming. It makes logical sense that warm ocean waters give birth to more intense weather. Generally, hurricanes cannot survive for long over sea surfaces that are cooler than about 79 °F (26 °C). The longer the ocean waters stay above 79 °F, the more opportunity there is for a hurricane to blossom.

Lastly, global warming will result in more droughts, floods and water scarcity.  Demand for water has tripled during the past 50 years. Currently a half billion people live in a water-stressed country. By 2025, that number is expected to increase to about 3 billion. The vast majority of fresh water, about 70%, is used for agriculture. On the U.S. East Coast, much of the water supply comes from surface water, whereas most of the Midwest gets its water supply from a combination of surface waters and well water. The well water comes from underground aquifers such as the Ogallala Aquifer. At present rates of withdrawal, parts of the Ogallala Aquifer water will be available for irrigation for only another 10 to 20 years.",greenhouse effect concerned infrared radiation given earth suns radiation basically passes oxygen nitrogen earths atmosphere lands earths surface absorbed reflected atmosphere radiation bounces greenhouse gases returns absorbed earth greenhouses gases ghgs water vapor ho carbon dioxide nitrous oxide methane ch long does remain atmosphere difficult question processes remove carbon dioxide atmosphere released air dissolves ocean period years rest removed thousand years according ipcc fourth assessment report increase removed atmosphere years removed centuries remaining stay atmosphere thousands years means stop carbon dioxide emissions tomorrow carbon dioxide atmosphere continue warm climate thousands years methane ch contrast persists years methane times potent carbon dioxide effect relatively shortlived furthermore methane increased ppb ppb today notice parts billion parts million emissions carbon dioxide atmosphere causing global warming earth warm year depends billions tons carbon dioxide emitted atmosphere general rule trillion tons additional carbon dioxide atmosphere actually billion translate ppm additional carbon dioxide ppm additional carbon dioxide translates f c global warming verified fact preindustrial carbon dioxide ppm ppm period planet warmed c scientists measured atmospheric carbon dioxide corresponds ppm corresponds billion metric tons atmosphere order increase global temperature c need x billion billion metric tons carbon dioxide metric ton equals kilograms x pounds country world does use metric ton world pumped billion metric tons gt carbon dioxide atmosphere average capita emission carbon dioxide metric tons person year year billion people businessasusual scenario expect world emit x billion metric tons atmosphere year average billion tons years accumulation trillion tons tt carbon sinks oceans saturated world accumulation tt carbon atmosphere dividing trillion tons million c f means world f warmer rise sea level comes distinct processes water expansions feet added f increased temperature melting ice mainly greenland feet antarctica feet total feet increased extraction groundwater irrigation usually notice water expands slightly gets warmer second potentially greater contribution rising sea level comes melting glacial ice antarctica ice greenland ice trillion tons ice remaining tied continental glaciers himalayas melt greenland completely melts raise sea level feet meters antarctica completely melts add feet meters sea level rise year predict fossil fuels depleted coal temperature rise level model predicts greenland losing gt ice year end century resulting feet sea level rise addition antarctica add feet sea level rise adding feet thermal warming results sea level rise feet add feet melting west antarctic ice sheet wais collapse pine island thwaites glaciers foot sea level rise end century noaa national oceanic atmospheric administration states oceans rise feet worsecase scenario complete collapse wais effect foot sea level rise miami vulnerable places rising seas million americans homes permanently flooded sea levels rise just feet sea level rises feet million americans homes permanently flooded new study predicts million americans coastal areas relocate sea level rises feet meters expect likely scenario addition sealevel rise global warming contributing increases spread insectborne illnesses cropdamaging pests example diseases zika dengue fever chikungunya transmitted mosquitoes pick diseases biting infected people spreading people subsequent bites research shown warmer temperatures shorten incubation period means disease spread rapidly warmer temperatures tend increase geographic range insects global warming translates extreme weather events higher temperatures mean increase energy atmosphere oceans energy drives weather attribute particular storm global warming tie overall trend global warming makes logical sense warm ocean waters birth intense weather generally hurricanes survive long sea surfaces cooler f c longer ocean waters stay f opportunity hurricane blossom lastly global warming result droughts floods water scarcity demand water tripled past years currently half billion people live waterstressed country number expected increase billion vast majority fresh water used agriculture east coast water supply comes surface water midwest gets water supply combination surface waters water water comes underground aquifers ogallala aquifer present rates withdrawal parts ogallala aquifer water available irrigation years,Positive
0,We need fast and urgent funding to deal with the losses and damage,need fast urgent funding deal losses damage,Positive
0,Brody Smith,brody smith,Neutral
0,Jim Vb,jim vb,Neutral
1,"#ClimateChange #JPL #Anthropocene
[https://www.jpl.nasa.gov/topics/climate-change]",climatechange jpl anthropocene,Neutral
4,Mean while we continue to destroy the natural carbon removal systems and add more crap we don't really need https://phys.org/news/2012-06-algae-lichens-mosses-huge-amounts.html,mean continue destroy natural carbon removal systems add crap dont really need,Negative
1,Taking advantage of the naive. Climate has been changing since the beginning of time. What we are doing now has little affect. The earth corrects itself over time   ,taking advantage naive climate changing beginning time doing little affect earth corrects time,Negative
2,Your predictions are based on FAKED computer parameters. ,predictions based faked computer parameters,Neutral
0,"This earth has been changing since its  conception 
I do believe in global warming.
I would do away with combustion engines,(instead of spending this countries money to pay you for. Buying   a car with better gas 
Mileage.
Like the President from 2008 to 2012 did when he first came Into office).
2nd I would eliminate all plastics.  When I was a kid we did not have much plastic.
Coffee was in tins
Water was in glasses, car headlights were all glass.
There was no island in the Pacific  made of a
Plastic.
  Alaska had glaciers that did  ot melt.
 Folks wise up and let's protect Gods gift to us
Mother Earth",earth changing conception believe global warming away combustion enginesinstead spending countries money pay buying car better gas mileage like president did came office nd eliminate plastics kid did plastic coffee tins water glasses car headlights glass island pacific plastic alaska glaciers did ot melt folks wise lets protect gods gift mother earth,Positive
1,Exactly how long have they been keeping records. Clearly a blink of the eye in historical terms.,exactly long keeping records clearly blink eye historical terms,Positive
1,If the greenhouse gas carbon dioxide is getting more in the Earth that would also mean it's getting denser. Why are the clouds not going up in elevation since they ride on the carbon dioxide oxygen mix,greenhouse gas carbon dioxide getting earth mean getting denser clouds going elevation ride carbon dioxide oxygen mix,Negative
11,Cut the crap. In the 70's the so-called experts tried to scare us to death saying we're all headed to another ice age! But I bet you liberal loons will block this post. Stop trying to cram this crap down our throats!!!!,cut crap s socalled experts tried scare death saying headed ice age bet liberal loons block post stop trying cram crap throats,Negative
0,"Time has already long-run out to make any difference in global temperature reductions, it’s far too late now. The gross stupidity of the human race will be their own undoing. Serves them right for their pitiful arrogance. After humanity is extinct, the planet will once again heal itself over eons of time into the distant future, to once again become the paradise it was before the Humans harmed it.",time longrun make difference global temperature reductions far late gross stupidity human race undoing serves right pitiful arrogance humanity extinct planet heal eons time distant future paradise humans harmed,Negative
1,"Temperatures rising are from rising magma, that is what is warming ocean temperatures as well as land, and that is evident by increasing earthquakes and volcanic eruptions ",temperatures rising rising magma warming ocean temperatures land evident increasing earthquakes volcanic eruptions,Positive
1,"BS, the democrats are behind this, 1 volcano can dump more than 100,000 autos, and the forest mismanagement on the wast coast, if the environmental st would let them log the old groth that would nevet of happened.",bs democrats volcano dump autos forest mismanagement wast coast environmental st let log old groth nevet happened,Positive
1,"Can you show us a 100,000 year graph? Can you show us a 20,000 year graph of ocean levels?",year graph year graph ocean levels,Neutral
2,Climate change is and always has been in full motion. Its life on our volcanic planet.  For every burb by 1 volcano puts our more gases and carbon monoxide than 1000 China cities combines. I want my money back you thief.,climate change motion life volcanic planet burb volcano puts gases carbon monoxide china cities combines want money thief,Neutral
27,I wish this was simply old news and we had people who cared as the wealthiest and most powerful. I wish we didn't have to fight to save a beautiful and healthy planet.,wish simply old news people cared wealthiest powerful wish didnt fight save beautiful healthy planet,Positive
22,Is there anyone in NASA that can explain climate change to the president? Maybe with a short children's book with lots of pictures or maybe with puppets?,nasa explain climate change president maybe short childrens book lots pictures maybe puppets,Neutral
18,Thank you to all of you at NASA Climate Change for making a difference. I get really despondent sometimes over the path towards disaster we seem to be treading. It makes my heart happy to see other people still fighting the good fight. ,thank nasa climate change making difference really despondent path disaster treading makes heart happy people fighting good fight,Positive
6,"The current ruling class, who has control over the global political-economy, has the power to continue the burning of fossil fuels or to build a sustainable energy infrastructure. They have the power to meet the needs of displaced peoples who’s lives are destroyed by climate change, or leave them to die. 

A cursory look at even just our recent history of dealing with environmental disasters and displaced people (Katrina, Puerto Rico, these fires, the migrant ‘crises’ on the borders of Mexico, in the Mediterranean, etc) shows what decisions they will make. 

It’s not because they are uniquely evil people. It’s because of the logic of capital. They have an incentive, a near obligation, to maintain growth, maintain their bottom line. 

To fight climate change, we need to fight this apocalyptic class. As workers, people who every day reproduce the world around us, who have the power to change the world, we have the weapon of withholding  our labor to force capital to bend to our will (which, I imagine, would include not allowing the world to burn, destroying all of our and our loved ones futures).

Only when we work together, organize in our neighborhoods, workplaces, etc, will we have the power to challenge the system that is killing us.

Join a union. Join a socialist organization. Fight back in the streets. Read Lenin (and anyone else you think could help arm you with theory). We have to take this seriously if we are to have a future at all. ",current ruling class control global politicaleconomy power continue burning fossil fuels build sustainable energy infrastructure power meet needs displaced peoples whos lives destroyed climate change leave die cursory look just recent history dealing environmental disasters displaced people katrina puerto rico fires migrant crises borders mexico mediterranean shows decisions make uniquely evil people logic capital incentive near obligation maintain growth maintain line fight climate change need fight apocalyptic class workers people day reproduce world power change world weapon withholding labor force capital bend imagine include allowing world burn destroying loved ones futures work organize neighborhoods workplaces power challenge killing join union join socialist organization fight streets read lenin think help arm theory seriously future,Negative
12,Most of the disasters that you talked about. Is where the Earth is moving so the continents will move back together the United States is moving south and east it's not fast but it's moving and it's causing global warming. Because we are moving towards where it's warm. Why don't you look it up for yourself. We move one inch South every year and 3 in East every year. There is your global warming.,disasters talked earth moving continents united states moving south east fast moving causing global warming moving warm dont look inch south year east year global warming,Positive
5,"Wow! Well, I suppose the ultimate expert on GW is Mother Nature. Just saying I think she's trying to tell us something. No matter whose at fault or whether our changing weather patterns are cyclical maybe we ought to put out heads together and figure out the future of our planet for our kids and grandkids. Thanks 🌡️",wow suppose ultimate expert gw mother nature just saying think shes trying tell matter fault changing weather patterns cyclical maybe ought heads figure future planet kids grandkids thanks,Positive
4,"The fastest way to reduce car emissions is to promote affordable housing near job places.  Very few people are close enough to work to walk.  Very few streets are safe for cyclists.  In seeking affordable housing or in seeking job opportunities, a large number of people commute 30-60 minutes one way.  ",fastest way reduce car emissions promote affordable housing near job places people close work walk streets safe cyclists seeking affordable housing seeking job opportunities large number people commute minutes way,Positive
4,To keeping our families. Together and work on helping to keep on building up what may come in a bad situation with our land.we can't stop this pandemic but if we stay together things can change.,keeping families work helping building come bad situation landwe stop pandemic stay things change,Negative
3,"These people in the comment section who haven’t dedicated their entire lives to science, and most likely get their “news” from YouTube, are trying to school NASA on how climate change works 😹🤡 ",people comment section havent dedicated entire lives science likely news youtube trying school nasa climate change works,Neutral
6,"The data is there, scientific information is there however we at the mercy of a rich minority that will not stop at anything for profits!!!!",data scientific information mercy rich minority stop profits,Positive
2,Plant more trees stop building malls build in old parts of cities save are land redo old neighborhood a 100 acres is develop in ohio a day the gas and oil has cut down billions of trees in the past 10 years yes we can do other things,plant trees stop building malls build old parts cities save land redo old neighborhood acres develop ohio day gas oil cut billions trees past years yes things,Negative
1,"Changes to our climate are from our magnetic field of our planet being affected, causing rising magma and increased earthquake and volcanic activity, not man made greenhouse gases, if we would quit deforestation we would have less Co2 as trees absorb greenhouse gases and give back oxygen, if you do the research you will find the fires that are starting in Western US are all by fault lines and volcanic fields ",changes climate magnetic field planet affected causing rising magma increased earthquake volcanic activity man greenhouse gases quit deforestation trees absorb greenhouse gases oxygen research fires starting western fault lines volcanic fields,Neutral
1,Natural disasters. Hard to security? I wish they get better.,natural disasters hard security wish better,Positive
1,Global warming seems to be accelerating.,global warming accelerating,Neutral
1," Glaciers are melting, sea levels are rising, cloud forests are dying, and wildlife is scrambling to keep pace. It has become clear that humans have caused most of the past century's warming …",glaciers melting sea levels rising cloud forests dying wildlife scrambling pace clear humans caused past centurys warming,Negative
3,It’s as close to you as Air.. We must go to Solar power and eliminate Fossil Fuels or die from Viruses 🦠 we thought we’re extinct.. Only to find they were frozen in the Arctic 🥶 ,close air solar power eliminate fossil fuels die viruses thought extinct frozen arctic,Negative
1,"But it seems to me that wildfires does not happen everywhere, but california and few other places. So why is wildfire only limitd in few places?",wildfires does happen california places wildfire limitd places,Neutral
0,I am a outdoors man in baltimore for 53 year's and our baltimore oriole likes cool air and our winters are so mild now I never seen one in 15 years now because it's warmer here now they stayed north and didn't come back !,outdoors man baltimore years baltimore oriole likes cool air winters mild seen years warmer stayed north didnt come,Positive
1,All this is the real truth but only our president dont beleived he is the one that have to support all this catástrofe with all the texes we paid he has to serve us not us we pay him to work for us country why we have to beg for help. Its not right.,real truth president dont beleived support catstrofe texes paid serve pay work country beg help right,Positive
0,All I can say about all these changes----- I k ow these things must happen--& we get to watch it happening--in a way if you understand-(as nuch as a human can) it's kinda interesting---knowng what's on  the way,say changes k ow things happen watch happeningin way understandas nuch human kinda interestingknowng whats way,Neutral
2,"We need to combat climate change so that the people and earth can survive 
",need combat climate change people earth survive,Neutral
0,The academic consultants to IPCC (International Panel for Climate Change) with the UN infamously falsified the data deleting whole data sets.,academic consultants ipcc international panel climate change infamously falsified data deleting data sets,Negative
0,"There are many factors involved and I am not going to type a book. Yes, the planet it's natural changes, but since the industrial revolution, mankind's abuse has taken its toll",factors involved going type book yes planet natural changes industrial revolution mankinds abuse taken toll,Positive
0,Best Aug we ever had here?  But maybe a protest of all those rich people’s jets and extra large houses,best aug maybe protest rich peoples jets extra large houses,Positive
1,"What's this, like the 19th hottest year on record in 20 years? How long will it take for people to learn?",whats like th hottest year record years long people learn,Negative
0,What happened between the 20’s and 40’s? What was introduced to cause the progression?,happened s s introduced cause progression,Neutral
0,Please send this informative article to our scientifically   stunted President . If enough people would do that it may annoy him somewhat. of course there are reports that he can't read so it may do little to no good sending him anything,send informative article scientifically stunted president people annoy somewhat course reports read little good sending,Positive
0,That is going to give Wyoming a wonderful year around climate but where are we going to put everyone who wants to move here?,going wyoming wonderful year climate going wants,Positive
0,The reason to all this happened because our planet is dying each one of us he has to be one tree on this planet that's it will help everyone in the future special Future Kids more better oxygen because everything is happening is our fault because we do the mistake and then later we ask why,reason happened planet dying tree planet thats help future special future kids better oxygen happening fault mistake later ask,Positive
0,There are lots of new things happening in our atmosphere that affect our daily climate activity we all must pay attention to the reality before us ,lots new things happening atmosphere affect daily climate activity pay attention reality,Positive
0,"The hottest decade was the 1930’s, and still is today. We’ve been cooling ever since.",hottest decade s today weve cooling,Neutral
4,We all play a part....as a world we need to do better....,play partas world need better,Positive
0,"The “greenhouse effect” is concerned with the infrared radiation given off by the earth. The sun’s radiation basically passes through the oxygen and nitrogen in the earth’s atmosphere and lands on the earth’s surface, where 70% of it is absorbed; 30% is reflected back into the atmosphere. Part of this radiation bounces off the greenhouse gases and returns to be absorbed by earth. The greenhouses gases (GHGs) are water vapor (H2O), carbon dioxide (CO2), nitrous oxide (NO2) and methane (CH4).

How long does CO2 remain in the atmosphere? This is a difficult question because there are several processes that remove carbon dioxide from the atmosphere. From 65% to 80% of the CO2 that is released into the air dissolves into the ocean over a period of 50-200 years. The rest is removed over several hundred thousand years. According to the IPCC Fourth Assessment Report, about 50% of CO2 increase will be removed from the atmosphere within 30 years, another 30% will be removed within a few centuries and the remaining 20% may stay in the atmosphere for thousands of years. This means that if we could stop carbon dioxide emissions tomorrow, the carbon dioxide in the atmosphere would continue to warm the climate for thousands of years. Methane (CH4), by contrast, persists for about 12 years. Thus, even though methane is 26 times more potent than carbon dioxide, its effect is relatively short-lived. Furthermore, methane has increased from 700 ppb in 1750 to 1893 ppb today; notice that is parts per billion, not parts per million.

If the emissions of carbon dioxide into the atmosphere are causing global warming, how much will the earth warm up by the year 2100? This depends upon how many billions of tons of carbon dioxide are being emitted into the atmosphere. As a general rule, about 1 trillion tons of additional carbon dioxide in the atmosphere (actually 975 billion) will translate to about 125 ppm of additional carbon dioxide. Also, 125 ppm of additional carbon dioxide translates to about 1.8 °F (1 °C) in global warming. This can be verified by the fact that pre-industrial carbon dioxide was about 280 ppm and is now about 405 ppm. During this period, the planet warmed up about 1 °C.

Scientists have measured the amount of atmospheric carbon dioxide which corresponds to 1 ppm and have found that this corresponds to 7.8 billion metric tons of CO2 in the atmosphere. Therefore, in order to increase the global temperature by 1 °C, you would need 125 x 7.8 billion or 975 billion metric tons of carbon dioxide. A metric ton equals 1,000 kilograms (or 2.2 x 1,000 = 2,200 pounds); the U.S. is the only country in the world that does not use the metric ton. In 2016, the world pumped 36.1 billion metric tons (or 39.8 U.S. Gt) of carbon dioxide into the atmosphere. The average per capita emission of carbon dioxide is 7 metric tons per person per year. In the year 2100, there will be about 11 billion people. Therefore, in 2100, in a business-as-usual scenario, we can expect the world to emit 11 x 7 or 77 billion metric tons into the atmosphere per year or an average of 56.5 billion tons for the next 80 years, i.e., an accumulation of 4.52 trillion tons of CO2 by 2300.  Less 25% (1.13 Tt) due to carbon sinks (the oceans are almost saturated with CO2), the world will have an accumulation of 3.4Tt (4.52 – 1.13) of carbon in the atmosphere. Dividing 3.4 trillion tons of CO2 by 975 million = 3.48 °C (6.26 °F).  This means that the world will be 6.26 °F warmer in 2100 than it was in 2020.

The rise in sea level comes from two distinct processes: water expansions (3.3 feet) due to the added 6.26 °F of increased temperature and melting ice, mainly from Greenland (.41 feet) and the Antarctica (.2 feet) or 3.91 total feet by 2100, as well as increased extraction of groundwater due to irrigation.   Although we do not usually notice it, water expands very slightly as it gets warmer. The second and potentially greater contribution to rising sea level comes from the melting of glacial ice. Antarctica has 90% of the ice, Greenland has 9% of the ice (2,931 trillion tons of ice) and the remaining 1% is tied up in continental glaciers, which except for the Himalayas will all melt by 2100.  If Greenland completely melts, it will raise the sea level by about 24 feet (7.2 meters).  If the Antarctica completely melts, it will add 200 feet (or 60 meters) to the sea level rise.   

In the year 2100, I predict that fossil fuels will be almost depleted (coal may last until 2150) and that the temperature rise will level off. My model predicts that Greenland will be losing about 500 Gt of ice per year until the end of the century, resulting in about 0.41 feet of sea level rise by 2100.  In addition, the Antarctica will add another 0.2 feet of sea level rise. Adding this to the 3.3 feet for thermal warming results in a sea level rise of 3.9 feet.  Now add 2 feet due to melting of the West Antarctic Ice Sheet (WAIS) due to the collapse of the Pine Island and Thwaites glaciers and you have a 5.9 foot sea level rise by the end of the century.  NOAA (the National Oceanic and Atmospheric Administration) states that the oceans could rise 8 feet by 2100 under a worse-case scenario, namely a complete collapse of the WAIS.  

What effect would a 5.9 foot sea level rise have on the U.S.? Miami is one of the most vulnerable places to rising seas. About 2 million Americans would see their homes permanently flooded if sea levels rise just 3 feet. If the sea level rises 6 feet, 6 million Americans would see their homes permanently flooded. A new study predicts that as many as 13.1 million Americans in coastal areas will have to relocate by 2100 if the sea level rises 5.9 feet (1.8 meters), which is what I expect to be the most likely scenario.

In addition to sea-level rise, global warming is contributing to increases in the spread of insect-borne illnesses and crop-damaging pests. For example, diseases such as Zika, dengue fever and chikungunya are transmitted by mosquitoes, which pick up these diseases by biting infected people and then spreading them to other people through subsequent bites. Research has shown that warmer temperatures shorten the incubation period, which means the disease can spread more rapidly. Warmer temperatures also tend to increase the geographic range of insects.

Global warming also translates into more extreme weather events because higher temperatures mean an increase in energy in the atmosphere and oceans; energy is what drives weather. While we cannot attribute any particular storm to global warming, we can tie an overall trend to global warming. It makes logical sense that warm ocean waters give birth to more intense weather. Generally, hurricanes cannot survive for long over sea surfaces that are cooler than about 79 °F (26 °C). The longer the ocean waters stay above 79 °F, the more opportunity there is for a hurricane to blossom.

Lastly, global warming will result in more droughts, floods and water scarcity.  Demand for water has tripled during the past 50 years. Currently a half billion people live in a water-stressed country. By 2025, that number is expected to increase to about 3 billion. The vast majority of fresh water, about 70%, is used for agriculture. On the U.S. East Coast, much of the water supply comes from surface water, whereas most of the Midwest gets its water supply from a combination of surface waters and well water. The well water comes from underground aquifers such as the Ogallala Aquifer. At present rates of withdrawal, parts of the Ogallala Aquifer water will be available for irrigation for only another 10 to 20 years.",greenhouse effect concerned infrared radiation given earth suns radiation basically passes oxygen nitrogen earths atmosphere lands earths surface absorbed reflected atmosphere radiation bounces greenhouse gases returns absorbed earth greenhouses gases ghgs water vapor ho carbon dioxide nitrous oxide methane ch long does remain atmosphere difficult question processes remove carbon dioxide atmosphere released air dissolves ocean period years rest removed thousand years according ipcc fourth assessment report increase removed atmosphere years removed centuries remaining stay atmosphere thousands years means stop carbon dioxide emissions tomorrow carbon dioxide atmosphere continue warm climate thousands years methane ch contrast persists years methane times potent carbon dioxide effect relatively shortlived furthermore methane increased ppb ppb today notice parts billion parts million emissions carbon dioxide atmosphere causing global warming earth warm year depends billions tons carbon dioxide emitted atmosphere general rule trillion tons additional carbon dioxide atmosphere actually billion translate ppm additional carbon dioxide ppm additional carbon dioxide translates f c global warming verified fact preindustrial carbon dioxide ppm ppm period planet warmed c scientists measured atmospheric carbon dioxide corresponds ppm corresponds billion metric tons atmosphere order increase global temperature c need x billion billion metric tons carbon dioxide metric ton equals kilograms x pounds country world does use metric ton world pumped billion metric tons gt carbon dioxide atmosphere average capita emission carbon dioxide metric tons person year year billion people businessasusual scenario expect world emit x billion metric tons atmosphere year average billion tons years accumulation trillion tons tt carbon sinks oceans saturated world accumulation tt carbon atmosphere dividing trillion tons million c f means world f warmer rise sea level comes distinct processes water expansions feet added f increased temperature melting ice mainly greenland feet antarctica feet total feet increased extraction groundwater irrigation usually notice water expands slightly gets warmer second potentially greater contribution rising sea level comes melting glacial ice antarctica ice greenland ice trillion tons ice remaining tied continental glaciers himalayas melt greenland completely melts raise sea level feet meters antarctica completely melts add feet meters sea level rise year predict fossil fuels depleted coal temperature rise level model predicts greenland losing gt ice year end century resulting feet sea level rise addition antarctica add feet sea level rise adding feet thermal warming results sea level rise feet add feet melting west antarctic ice sheet wais collapse pine island thwaites glaciers foot sea level rise end century noaa national oceanic atmospheric administration states oceans rise feet worsecase scenario complete collapse wais effect foot sea level rise miami vulnerable places rising seas million americans homes permanently flooded sea levels rise just feet sea level rises feet million americans homes permanently flooded new study predicts million americans coastal areas relocate sea level rises feet meters expect likely scenario addition sealevel rise global warming contributing increases spread insectborne illnesses cropdamaging pests example diseases zika dengue fever chikungunya transmitted mosquitoes pick diseases biting infected people spreading people subsequent bites research shown warmer temperatures shorten incubation period means disease spread rapidly warmer temperatures tend increase geographic range insects global warming translates extreme weather events higher temperatures mean increase energy atmosphere oceans energy drives weather attribute particular storm global warming tie overall trend global warming makes logical sense warm ocean waters birth intense weather generally hurricanes survive long sea surfaces cooler f c longer ocean waters stay f opportunity hurricane blossom lastly global warming result droughts floods water scarcity demand water tripled past years currently half billion people live waterstressed country number expected increase billion vast majority fresh water used agriculture east coast water supply comes surface water midwest gets water supply combination surface waters water water comes underground aquifers ogallala aquifer present rates withdrawal parts ogallala aquifer water available irrigation years,Positive
0,Did you know that climate records only reliably go back 150 years?,did know climate records reliably years,Neutral
0,Northern hemisphere summer,northern hemisphere summer,Neutral
0,"Pensé que estaba sola en el tema de salvar el planeta ,yo lo estoy haciendo desde mi trabajo aunque no les guste a mi jefe yo evito utilizar hojas de papel para de esta manera ayudar  al planeta que se quede sin menos árboles a las grandes industria esto no les importa ni a mi jefe tampoco pero a mí si menos escrito menos copia y así .no habrá deforestación y tendremos un aire limpio para respirar",pens que estaba sola en el tema salvar el planeta yo lo estoy haciendo desde mi trabajo aunque les guste mi jefe yo evito utilizar hojas papel para esta manera ayudar al planeta que se quede sin menos rboles las grandes industria esto les importa ni mi jefe tampoco pero m si menos escrito menos copia y habr deforestacin y tendremos aire limpio para respirar,Neutral
0,Pois e preocupantemas acreditem no actual presidents que para ele( e tudo falso) como a pandemia cov19e as mentiras que da a nacao e no final tenta desculpar- se com covardia tentando sacudir a agua do capote,pois e preocupantemas acreditem actual presidents que para ele e tudo falso como pandemia cove mentiras que da nacao e final tenta desculpar se com covardia tentando sacudir agua capote,Neutral
0,What would happen if we had Global Cooling????,happen global cooling,Neutral
3,"The comments on this post are terrifying, didn't realize the right thinks NASA is a hoax too. God help us",comments post terrifying didnt realize right thinks nasa hoax god help,Negative
0,1 degree change? Am I reading this right?,degree change reading right,Positive
0,Great Science!! Hard to deny!,great science hard deny,Positive
2,The comments are a fun read. Entertained by the planets dumbest science deniers on one thread. ,comments fun read entertained planets dumbest science deniers thread,Positive
0,Lokepasa ke usa tiran mucho plástico y eso está echando a perder losdrenajes las aguas del mar y animales mueren por eso en México fas alatienda y llano tedan el mandado embolsa ya notaron eso,lokepasa ke usa tiran mucho plstico y eso est echando perder losdrenajes las aguas del mar y animales mueren por eso en mxico fas alatienda y llano tedan el mandado embolsa ya notaron eso,Neutral
0,"quick search says change by 1.5° C is 2.7° change in F, is that correct?",quick search says change c change f correct,Positive
0,Oh my .... climate change effects us all ,oh climate change effects,Neutral
1,Humans we are terrible to our planet.,humans terrible planet,Negative
1,Donald Trump; Does Not Believe In Global Warming! Let’s Get A President; That Does! That Is Why The Climate; Is Going Ka -   Put! ,donald trump does believe global warming lets president does climate going ka,Neutral
2,So glad NASA doesn't let the trolls and denialists go unchallenged!,glad nasa doesnt let trolls denialists unchallenged,Positive
2,Its crazy how people negate science like this. You can draw them a huge picture and show them evidence and they will still scream bullshit lol. They won't realize it until it's too late. ,crazy people negate science like draw huge picture evidence scream bullshit lol wont realize late,Positive
4,"I wrote a very researched term paper in 1999 of which my professor at UNO stated that he LEARNED SOMETHING. Titled ""Global Warming and The  Greenhouse Effect "", my Junior year. An A+ of course. I am a retired biology teacher. I have been having conversations with High School friends of then since 1975 about what is going to happen to our planet if we don't take care of it. There is so much more I voiced, ya'll already know .",wrote researched term paper professor uno stated learned titled global warming greenhouse effect junior year course retired biology teacher having conversations high school friends going happen planet dont care voiced yall know,Positive
0,"Es triste todo lo que esta pasando todo se destruye por todas 
Compañías
Luego no siembran nada de árboles yo
En mi casa
Tengo muchas sembrados
Muchas bendiciones pueblo 😂",es triste todo lo que esta pasando todo se destruye por todas compaas luego siembran nada rboles yo en mi casa tengo muchas sembrados muchas bendiciones pueblo,Neutral
1,Do not agree with climate change,agree climate change,Neutral
0,"More love , tu ecologic  tying positive, bendyciones  ,.",love tu ecologic tying positive bendyciones,Positive
0,The earth does have a  1/2 life. ,earth does life,Neutral
1,Save the planet 🌎 ,save planet,Neutral
0,Grasias ami tambien me da mucha tristeza Como danamos nuestro planeta y sin aser nada por cuidar nuestra casa de todos amen,grasias ami tambien da mucha tristeza como danamos nuestro planeta y sin aser nada por cuidar nuestra casa todos amen,Neutral
0,Yes  thank you  were dead in  November,yes thank dead november,Negative
1,"Ivy Pantel-LaForge

The comments on this post made me physically ill ",ivy pantellaforge comments post physically ill,Negative
0,move to south pole,south pole,Neutral
0,Its  to late check mate,late check mate,Negative
1,Pues ay que aser algo para salvar nuestro planeta tan ermoso que es y nolo cuidamos ,pues ay que aser algo para salvar nuestro planeta tan ermoso que es y nolo cuidamos,Neutral
8,"After all these decades protecting and informing Americans...thank you for your continued service and precision as the challenges of climate impacts arrive in full. May we all do better to mitigate, build resiliency, and use credible science in response. #NCA4 #SR15 #BuildBackBetter #SprintOnClimate",decades protecting informing americansthank continued service precision challenges climate impacts arrive better mitigate build resiliency use credible science response nca sr buildbackbetter sprintonclimate,Positive
1,"It was ""global warming"" until science noticed it wasn't. So the globalists switched to ""Climate Change"".",global warming science noticed wasnt globalists switched climate change,Neutral
1,"
NASA wants you to believe that man is the sole reason temperature increases. to be sure their own graphs when a thinking cap is put on shows most of the increase is well before man's influence. They also promote wild sea level increases, but again look at the sea level graph with your thinking cap on. Again the WILD rise was way before man was influencing anything here on earth. My point being carbon isn't poison man has flourished the most during the warm periods. Man isn't causing the flooding from rising seal levels that is natural, at most man can influence the speed of an occurrence. We need to find alternative energy sources because we need energy, cheap energy sources. Cheap energy saves lives on this earth, expensive energy kills people. We can prepare for changing climate but we cannot use energy we cannot afford to use. We need causes to save ourselves, for instance did you know the Big coastal cities most run by Democrats while telling you you need to pay the green shaman to make your weather better and safer for you, they are still dumping their poisons into the ocean because it is cheaper than disposing of them properly on land? Out of sight out of mind except you and I both know this is poisoning our oceans. While they tell us coral reefs dying are caused by your use of energy and that red tides are from a mysterious origin, they dump chemicals into our oceans without one acknowledgement of the damage this is doing! You know dumping in our oceans is wrong right? Where is the plastic coming from? Oh yeah straws which by the way are never found in the ocean are the cause not at all from their ocean dumped garbage starting to unravel. 

Think! Cheap energy and as important universal access to it is a human right, those that control our access to energy control us! Demand cheap energy to save Black Lives, demand ocean dumping STOP to save Black Lives!!!!!!!!!!! 

Stop the idiocy! 

We can do this!
",nasa wants believe man sole reason temperature increases sure graphs thinking cap shows increase mans influence promote wild sea level increases look sea level graph thinking cap wild rise way man influencing earth point carbon isnt poison man flourished warm periods man isnt causing flooding rising seal levels natural man influence speed occurrence need alternative energy sources need energy cheap energy sources cheap energy saves lives earth expensive energy kills people prepare changing climate use energy afford use need causes save instance did know big coastal cities run democrats telling need pay green shaman make weather better safer dumping poisons ocean cheaper disposing properly land sight mind know poisoning oceans tell coral reefs dying caused use energy red tides mysterious origin dump chemicals oceans acknowledgement damage doing know dumping oceans wrong right plastic coming oh yeah straws way ocean cause ocean dumped garbage starting unravel think cheap energy important universal access human right control access energy control demand cheap energy save black lives demand ocean dumping stop save black lives stop idiocy,Positive
0,"The “greenhouse effect” is concerned with the infrared radiation given off by the earth. The sun’s radiation basically passes through the oxygen and nitrogen in the earth’s atmosphere and lands on the earth’s surface, where 70% of it is absorbed; 30% is reflected back into the atmosphere. Part of this radiation bounces off the greenhouse gases and returns to be absorbed by earth. The greenhouses gases (GHGs) are water vapor (H2O), carbon dioxide (CO2), nitrous oxide (NO2) and methane (CH4).

How long does CO2 remain in the atmosphere? This is a difficult question because there are several processes that remove carbon dioxide from the atmosphere. From 65% to 80% of the CO2 that is released into the air dissolves into the ocean over a period of 50-200 years. The rest is removed over several hundred thousand years. According to the IPCC Fourth Assessment Report, about 50% of CO2 increase will be removed from the atmosphere within 30 years, another 30% will be removed within a few centuries and the remaining 20% may stay in the atmosphere for thousands of years. This means that if we could stop carbon dioxide emissions tomorrow, the carbon dioxide in the atmosphere would continue to warm the climate for thousands of years. Methane (CH4), by contrast, persists for about 12 years. Thus, even though methane is 26 times more potent than carbon dioxide, its effect is relatively short-lived. Furthermore, methane has increased from 700 ppb in 1750 to 1893 ppb today; notice that is parts per billion, not parts per million.

If the emissions of carbon dioxide into the atmosphere are causing global warming, how much will the earth warm up by the year 2100? This depends upon how many billions of tons of carbon dioxide are being emitted into the atmosphere. As a general rule, about 1 trillion tons of additional carbon dioxide in the atmosphere (actually 975 billion) will translate to about 125 ppm of additional carbon dioxide. Also, 125 ppm of additional carbon dioxide translates to about 1.8 °F (1 °C) in global warming. This can be verified by the fact that pre-industrial carbon dioxide was about 280 ppm and is now about 405 ppm. During this period, the planet warmed up about 1 °C.

Scientists have measured the amount of atmospheric carbon dioxide which corresponds to 1 ppm and have found that this corresponds to 7.8 billion metric tons of CO2 in the atmosphere. Therefore, in order to increase the global temperature by 1 °C, you would need 125 x 7.8 billion or 975 billion metric tons of carbon dioxide. A metric ton equals 1,000 kilograms (or 2.2 x 1,000 = 2,200 pounds); the U.S. is the only country in the world that does not use the metric ton. In 2016, the world pumped 36.1 billion metric tons (or 39.8 U.S. Gt) of carbon dioxide into the atmosphere. The average per capita emission of carbon dioxide is 7 metric tons per person per year. In the year 2100, there will be about 11 billion people. Therefore, in 2100, in a business-as-usual scenario, we can expect the world to emit 11 x 7 or 77 billion metric tons into the atmosphere per year or an average of 56.5 billion tons for the next 80 years, i.e., an accumulation of 4.52 trillion tons of CO2 by 2300.  Less 25% (1.13 Tt) due to carbon sinks (the oceans are almost saturated with CO2), the world will have an accumulation of 3.4Tt (4.52 – 1.13) of carbon in the atmosphere. Dividing 3.4 trillion tons of CO2 by 975 million = 3.48 °C (6.26 °F).  This means that the world will be 6.26 °F warmer in 2100 than it was in 2020.

The rise in sea level comes from two distinct processes: water expansions (3.3 feet) due to the added 6.26 °F of increased temperature and melting ice, mainly from Greenland (.41 feet) and the Antarctica (.2 feet) or 3.91 total feet by 2100, as well as increased extraction of groundwater due to irrigation.   Although we do not usually notice it, water expands very slightly as it gets warmer. The second and potentially greater contribution to rising sea level comes from the melting of glacial ice. Antarctica has 90% of the ice, Greenland has 9% of the ice (2,931 trillion tons of ice) and the remaining 1% is tied up in continental glaciers, which except for the Himalayas will all melt by 2100.  If Greenland completely melts, it will raise the sea level by about 24 feet (7.2 meters).  If the Antarctica completely melts, it will add 200 feet (or 60 meters) to the sea level rise.   

In the year 2100, I predict that fossil fuels will be almost depleted (coal may last until 2150) and that the temperature rise will level off. My model predicts that Greenland will be losing about 500 Gt of ice per year until the end of the century, resulting in about 0.41 feet of sea level rise by 2100.  In addition, the Antarctica will add another 0.2 feet of sea level rise. Adding this to the 3.3 feet for thermal warming results in a sea level rise of 3.9 feet.  Now add 2 feet due to melting of the West Antarctic Ice Sheet (WAIS) due to the collapse of the Pine Island and Thwaites glaciers and you have a 5.9 foot sea level rise by the end of the century.  NOAA (the National Oceanic and Atmospheric Administration) states that the oceans could rise 8 feet by 2100 under a worse-case scenario, namely a complete collapse of the WAIS.  

What effect would a 5.9 foot sea level rise have on the U.S.? Miami is one of the most vulnerable places to rising seas. About 2 million Americans would see their homes permanently flooded if sea levels rise just 3 feet. If the sea level rises 6 feet, 6 million Americans would see their homes permanently flooded. A new study predicts that as many as 13.1 million Americans in coastal areas will have to relocate by 2100 if the sea level rises 5.9 feet (1.8 meters), which is what I expect to be the most likely scenario.

In addition to sea-level rise, global warming is contributing to increases in the spread of insect-borne illnesses and crop-damaging pests. For example, diseases such as Zika, dengue fever and chikungunya are transmitted by mosquitoes, which pick up these diseases by biting infected people and then spreading them to other people through subsequent bites. Research has shown that warmer temperatures shorten the incubation period, which means the disease can spread more rapidly. Warmer temperatures also tend to increase the geographic range of insects.

Global warming also translates into more extreme weather events because higher temperatures mean an increase in energy in the atmosphere and oceans; energy is what drives weather. While we cannot attribute any particular storm to global warming, we can tie an overall trend to global warming. It makes logical sense that warm ocean waters give birth to more intense weather. Generally, hurricanes cannot survive for long over sea surfaces that are cooler than about 79 °F (26 °C). The longer the ocean waters stay above 79 °F, the more opportunity there is for a hurricane to blossom.

Lastly, global warming will result in more droughts, floods and water scarcity.  Demand for water has tripled during the past 50 years. Currently a half billion people live in a water-stressed country. By 2025, that number is expected to increase to about 3 billion. The vast majority of fresh water, about 70%, is used for agriculture. On the U.S. East Coast, much of the water supply comes from surface water, whereas most of the Midwest gets its water supply from a combination of surface waters and well water. The well water comes from underground aquifers such as the Ogallala Aquifer. At present rates of withdrawal, parts of the Ogallala Aquifer water will be available for irrigation for only another 10 to 20 years.",greenhouse effect concerned infrared radiation given earth suns radiation basically passes oxygen nitrogen earths atmosphere lands earths surface absorbed reflected atmosphere radiation bounces greenhouse gases returns absorbed earth greenhouses gases ghgs water vapor ho carbon dioxide nitrous oxide methane ch long does remain atmosphere difficult question processes remove carbon dioxide atmosphere released air dissolves ocean period years rest removed thousand years according ipcc fourth assessment report increase removed atmosphere years removed centuries remaining stay atmosphere thousands years means stop carbon dioxide emissions tomorrow carbon dioxide atmosphere continue warm climate thousands years methane ch contrast persists years methane times potent carbon dioxide effect relatively shortlived furthermore methane increased ppb ppb today notice parts billion parts million emissions carbon dioxide atmosphere causing global warming earth warm year depends billions tons carbon dioxide emitted atmosphere general rule trillion tons additional carbon dioxide atmosphere actually billion translate ppm additional carbon dioxide ppm additional carbon dioxide translates f c global warming verified fact preindustrial carbon dioxide ppm ppm period planet warmed c scientists measured atmospheric carbon dioxide corresponds ppm corresponds billion metric tons atmosphere order increase global temperature c need x billion billion metric tons carbon dioxide metric ton equals kilograms x pounds country world does use metric ton world pumped billion metric tons gt carbon dioxide atmosphere average capita emission carbon dioxide metric tons person year year billion people businessasusual scenario expect world emit x billion metric tons atmosphere year average billion tons years accumulation trillion tons tt carbon sinks oceans saturated world accumulation tt carbon atmosphere dividing trillion tons million c f means world f warmer rise sea level comes distinct processes water expansions feet added f increased temperature melting ice mainly greenland feet antarctica feet total feet increased extraction groundwater irrigation usually notice water expands slightly gets warmer second potentially greater contribution rising sea level comes melting glacial ice antarctica ice greenland ice trillion tons ice remaining tied continental glaciers himalayas melt greenland completely melts raise sea level feet meters antarctica completely melts add feet meters sea level rise year predict fossil fuels depleted coal temperature rise level model predicts greenland losing gt ice year end century resulting feet sea level rise addition antarctica add feet sea level rise adding feet thermal warming results sea level rise feet add feet melting west antarctic ice sheet wais collapse pine island thwaites glaciers foot sea level rise end century noaa national oceanic atmospheric administration states oceans rise feet worsecase scenario complete collapse wais effect foot sea level rise miami vulnerable places rising seas million americans homes permanently flooded sea levels rise just feet sea level rises feet million americans homes permanently flooded new study predicts million americans coastal areas relocate sea level rises feet meters expect likely scenario addition sealevel rise global warming contributing increases spread insectborne illnesses cropdamaging pests example diseases zika dengue fever chikungunya transmitted mosquitoes pick diseases biting infected people spreading people subsequent bites research shown warmer temperatures shorten incubation period means disease spread rapidly warmer temperatures tend increase geographic range insects global warming translates extreme weather events higher temperatures mean increase energy atmosphere oceans energy drives weather attribute particular storm global warming tie overall trend global warming makes logical sense warm ocean waters birth intense weather generally hurricanes survive long sea surfaces cooler f c longer ocean waters stay f opportunity hurricane blossom lastly global warming result droughts floods water scarcity demand water tripled past years currently half billion people live waterstressed country number expected increase billion vast majority fresh water used agriculture east coast water supply comes surface water midwest gets water supply combination surface waters water water comes underground aquifers ogallala aquifer present rates withdrawal parts ogallala aquifer water available irrigation years,Positive
11,Also people are forgetting about the delay factor when it comes to greenhouse gases.  The warming we are experiencing today is from decades past.  Like a pot of water on the stove it doesn’t come to a boil immediately. I’m really nervous on how this planet is going to look in my 60s and 70s....If I make it that far,people forgetting delay factor comes greenhouse gases warming experiencing today decades past like pot water stove doesnt come boil immediately im really nervous planet going look s sif make far,Positive
2,I’m in southern Ontario Canada  and we are blanketed by a haze of smoke from the West Coast this has never happened before,im southern ontario canada blanketed haze smoke west coast happened,Neutral
0,"The “greenhouse effect” is concerned with the infrared radiation given off by the earth. The sun’s radiation basically passes through the oxygen and nitrogen in the earth’s atmosphere and lands on the earth’s surface, where 70% of it is absorbed; 30% is reflected back into the atmosphere. Part of this radiation bounces off the greenhouse gases and returns to be absorbed by earth. The greenhouses gases (GHGs) are water vapor (H2O), carbon dioxide (CO2), nitrous oxide (NO2) and methane (CH4).

How long does CO2 remain in the atmosphere? This is a difficult question because there are several processes that remove carbon dioxide from the atmosphere. From 65% to 80% of the CO2 that is released into the air dissolves into the ocean over a period of 50-200 years. The rest is removed over several hundred thousand years. According to the IPCC Fourth Assessment Report, about 50% of CO2 increase will be removed from the atmosphere within 30 years, another 30% will be removed within a few centuries and the remaining 20% may stay in the atmosphere for thousands of years. This means that if we could stop carbon dioxide emissions tomorrow, the carbon dioxide in the atmosphere would continue to warm the climate for thousands of years. Methane (CH4), by contrast, persists for about 12 years. Thus, even though methane is 26 times more potent than carbon dioxide, its effect is relatively short-lived. Furthermore, methane has increased from 700 ppb in 1750 to 1893 ppb today; notice that is parts per billion, not parts per million.

If the emissions of carbon dioxide into the atmosphere are causing global warming, how much will the earth warm up by the year 2100? This depends upon how many billions of tons of carbon dioxide are being emitted into the atmosphere. As a general rule, about 1 trillion tons of additional carbon dioxide in the atmosphere (actually 975 billion) will translate to about 125 ppm of additional carbon dioxide. Also, 125 ppm of additional carbon dioxide translates to about 1.8 °F (1 °C) in global warming. This can be verified by the fact that pre-industrial carbon dioxide was about 280 ppm and is now about 405 ppm. During this period, the planet warmed up about 1 °C.

Scientists have measured the amount of atmospheric carbon dioxide which corresponds to 1 ppm and have found that this corresponds to 7.8 billion metric tons of CO2 in the atmosphere. Therefore, in order to increase the global temperature by 1 °C, you would need 125 x 7.8 billion or 975 billion metric tons of carbon dioxide. A metric ton equals 1,000 kilograms (or 2.2 x 1,000 = 2,200 pounds); the U.S. is the only country in the world that does not use the metric ton. In 2016, the world pumped 36.1 billion metric tons (or 39.8 U.S. Gt) of carbon dioxide into the atmosphere. The average per capita emission of carbon dioxide is 7 metric tons per person per year. In the year 2100, there will be about 11 billion people. Therefore, in 2100, in a business-as-usual scenario, we can expect the world to emit 11 x 7 or 77 billion metric tons into the atmosphere per year or an average of 56.5 billion tons for the next 80 years, i.e., an accumulation of 4.52 trillion tons of CO2 by 2300.  Less 25% (1.13 Tt) due to carbon sinks (the oceans are almost saturated with CO2), the world will have an accumulation of 3.4Tt (4.52 – 1.13) of carbon in the atmosphere. Dividing 3.4 trillion tons of CO2 by 975 million = 3.48 °C (6.26 °F).  This means that the world will be 6.26 °F warmer in 2100 than it was in 2020.

The rise in sea level comes from two distinct processes: water expansions (3.3 feet) due to the added 6.26 °F of increased temperature and melting ice, mainly from Greenland (.41 feet) and the Antarctica (.2 feet) or 3.91 total feet by 2100, as well as increased extraction of groundwater due to irrigation.   Although we do not usually notice it, water expands very slightly as it gets warmer. The second and potentially greater contribution to rising sea level comes from the melting of glacial ice. Antarctica has 90% of the ice, Greenland has 9% of the ice (2,931 trillion tons of ice) and the remaining 1% is tied up in continental glaciers, which except for the Himalayas will all melt by 2100.  If Greenland completely melts, it will raise the sea level by about 24 feet (7.2 meters).  If the Antarctica completely melts, it will add 200 feet (or 60 meters) to the sea level rise.   

In the year 2100, I predict that fossil fuels will be almost depleted (coal may last until 2150) and that the temperature rise will level off. My model predicts that Greenland will be losing about 500 Gt of ice per year until the end of the century, resulting in about 0.41 feet of sea level rise by 2100.  In addition, the Antarctica will add another 0.2 feet of sea level rise. Adding this to the 3.3 feet for thermal warming results in a sea level rise of 3.9 feet.  Now add 2 feet due to melting of the West Antarctic Ice Sheet (WAIS) due to the collapse of the Pine Island and Thwaites glaciers and you have a 5.9 foot sea level rise by the end of the century.  NOAA (the National Oceanic and Atmospheric Administration) states that the oceans could rise 8 feet by 2100 under a worse-case scenario, namely a complete collapse of the WAIS.  

What effect would a 5.9 foot sea level rise have on the U.S.? Miami is one of the most vulnerable places to rising seas. About 2 million Americans would see their homes permanently flooded if sea levels rise just 3 feet. If the sea level rises 6 feet, 6 million Americans would see their homes permanently flooded. A new study predicts that as many as 13.1 million Americans in coastal areas will have to relocate by 2100 if the sea level rises 5.9 feet (1.8 meters), which is what I expect to be the most likely scenario.

In addition to sea-level rise, global warming is contributing to increases in the spread of insect-borne illnesses and crop-damaging pests. For example, diseases such as Zika, dengue fever and chikungunya are transmitted by mosquitoes, which pick up these diseases by biting infected people and then spreading them to other people through subsequent bites. Research has shown that warmer temperatures shorten the incubation period, which means the disease can spread more rapidly. Warmer temperatures also tend to increase the geographic range of insects.

Global warming also translates into more extreme weather events because higher temperatures mean an increase in energy in the atmosphere and oceans; energy is what drives weather. While we cannot attribute any particular storm to global warming, we can tie an overall trend to global warming. It makes logical sense that warm ocean waters give birth to more intense weather. Generally, hurricanes cannot survive for long over sea surfaces that are cooler than about 79 °F (26 °C). The longer the ocean waters stay above 79 °F, the more opportunity there is for a hurricane to blossom.

Lastly, global warming will result in more droughts, floods and water scarcity.  Demand for water has tripled during the past 50 years. Currently a half billion people live in a water-stressed country. By 2025, that number is expected to increase to about 3 billion. The vast majority of fresh water, about 70%, is used for agriculture. On the U.S. East Coast, much of the water supply comes from surface water, whereas most of the Midwest gets its water supply from a combination of surface waters and well water. The well water comes from underground aquifers such as the Ogallala Aquifer. At present rates of withdrawal, parts of the Ogallala Aquifer water will be available for irrigation for only another 10 to 20 years.",greenhouse effect concerned infrared radiation given earth suns radiation basically passes oxygen nitrogen earths atmosphere lands earths surface absorbed reflected atmosphere radiation bounces greenhouse gases returns absorbed earth greenhouses gases ghgs water vapor ho carbon dioxide nitrous oxide methane ch long does remain atmosphere difficult question processes remove carbon dioxide atmosphere released air dissolves ocean period years rest removed thousand years according ipcc fourth assessment report increase removed atmosphere years removed centuries remaining stay atmosphere thousands years means stop carbon dioxide emissions tomorrow carbon dioxide atmosphere continue warm climate thousands years methane ch contrast persists years methane times potent carbon dioxide effect relatively shortlived furthermore methane increased ppb ppb today notice parts billion parts million emissions carbon dioxide atmosphere causing global warming earth warm year depends billions tons carbon dioxide emitted atmosphere general rule trillion tons additional carbon dioxide atmosphere actually billion translate ppm additional carbon dioxide ppm additional carbon dioxide translates f c global warming verified fact preindustrial carbon dioxide ppm ppm period planet warmed c scientists measured atmospheric carbon dioxide corresponds ppm corresponds billion metric tons atmosphere order increase global temperature c need x billion billion metric tons carbon dioxide metric ton equals kilograms x pounds country world does use metric ton world pumped billion metric tons gt carbon dioxide atmosphere average capita emission carbon dioxide metric tons person year year billion people businessasusual scenario expect world emit x billion metric tons atmosphere year average billion tons years accumulation trillion tons tt carbon sinks oceans saturated world accumulation tt carbon atmosphere dividing trillion tons million c f means world f warmer rise sea level comes distinct processes water expansions feet added f increased temperature melting ice mainly greenland feet antarctica feet total feet increased extraction groundwater irrigation usually notice water expands slightly gets warmer second potentially greater contribution rising sea level comes melting glacial ice antarctica ice greenland ice trillion tons ice remaining tied continental glaciers himalayas melt greenland completely melts raise sea level feet meters antarctica completely melts add feet meters sea level rise year predict fossil fuels depleted coal temperature rise level model predicts greenland losing gt ice year end century resulting feet sea level rise addition antarctica add feet sea level rise adding feet thermal warming results sea level rise feet add feet melting west antarctic ice sheet wais collapse pine island thwaites glaciers foot sea level rise end century noaa national oceanic atmospheric administration states oceans rise feet worsecase scenario complete collapse wais effect foot sea level rise miami vulnerable places rising seas million americans homes permanently flooded sea levels rise just feet sea level rises feet million americans homes permanently flooded new study predicts million americans coastal areas relocate sea level rises feet meters expect likely scenario addition sealevel rise global warming contributing increases spread insectborne illnesses cropdamaging pests example diseases zika dengue fever chikungunya transmitted mosquitoes pick diseases biting infected people spreading people subsequent bites research shown warmer temperatures shorten incubation period means disease spread rapidly warmer temperatures tend increase geographic range insects global warming translates extreme weather events higher temperatures mean increase energy atmosphere oceans energy drives weather attribute particular storm global warming tie overall trend global warming makes logical sense warm ocean waters birth intense weather generally hurricanes survive long sea surfaces cooler f c longer ocean waters stay f opportunity hurricane blossom lastly global warming result droughts floods water scarcity demand water tripled past years currently half billion people live waterstressed country number expected increase billion vast majority fresh water used agriculture east coast water supply comes surface water midwest gets water supply combination surface waters water water comes underground aquifers ogallala aquifer present rates withdrawal parts ogallala aquifer water available irrigation years,Positive
0,Bruce Threlfall,bruce threlfall,Neutral
0,In deed.,deed,Neutral
0,Hello PEOPLE its Happening  in our Lifetime,hello people happening lifetime,Neutral
0,INTERESTING,interesting,Positive
0,Ya it’s going to happen,ya going happen,Neutral
0,Soooooo,soooooo,Neutral
0,😃👏👦.,,Neutral
0,Thanks 👍,thanks,Positive
0,"The “greenhouse effect” is concerned with the infrared radiation given off by the earth. The sun’s radiation basically passes through the oxygen and nitrogen in the earth’s atmosphere and lands on the earth’s surface, where 70% of it is absorbed; 30% is reflected back into the atmosphere. Part of this radiation bounces off the greenhouse gases and returns to be absorbed by earth. The greenhouses gases (GHGs) are water vapor (H2O), carbon dioxide (CO2), nitrous oxide (NO2) and methane (CH4).

How long does CO2 remain in the atmosphere? This is a difficult question because there are several processes that remove carbon dioxide from the atmosphere. From 65% to 80% of the CO2 that is released into the air dissolves into the ocean over a period of 50-200 years. The rest is removed over several hundred thousand years. According to the IPCC Fourth Assessment Report, about 50% of CO2 increase will be removed from the atmosphere within 30 years, another 30% will be removed within a few centuries and the remaining 20% may stay in the atmosphere for thousands of years. This means that if we could stop carbon dioxide emissions tomorrow, the carbon dioxide in the atmosphere would continue to warm the climate for thousands of years. Methane (CH4), by contrast, persists for about 12 years. Thus, even though methane is 26 times more potent than carbon dioxide, its effect is relatively short-lived. Furthermore, methane has increased from 700 ppb in 1750 to 1893 ppb today; notice that is parts per billion, not parts per million.

If the emissions of carbon dioxide into the atmosphere are causing global warming, how much will the earth warm up by the year 2100? This depends upon how many billions of tons of carbon dioxide are being emitted into the atmosphere. As a general rule, about 1 trillion tons of additional carbon dioxide in the atmosphere (actually 975 billion) will translate to about 125 ppm of additional carbon dioxide. Also, 125 ppm of additional carbon dioxide translates to about 1.8 °F (1 °C) in global warming. This can be verified by the fact that pre-industrial carbon dioxide was about 280 ppm and is now about 405 ppm. During this period, the planet warmed up about 1 °C.

Scientists have measured the amount of atmospheric carbon dioxide which corresponds to 1 ppm and have found that this corresponds to 7.8 billion metric tons of CO2 in the atmosphere. Therefore, in order to increase the global temperature by 1 °C, you would need 125 x 7.8 billion or 975 billion metric tons of carbon dioxide. A metric ton equals 1,000 kilograms (or 2.2 x 1,000 = 2,200 pounds); the U.S. is the only country in the world that does not use the metric ton. In 2016, the world pumped 36.1 billion metric tons (or 39.8 U.S. Gt) of carbon dioxide into the atmosphere. The average per capita emission of carbon dioxide is 7 metric tons per person per year. In the year 2100, there will be about 11 billion people. Therefore, in 2100, in a business-as-usual scenario, we can expect the world to emit 11 x 7 or 77 billion metric tons into the atmosphere per year or an average of 56.5 billion tons for the next 80 years, i.e., an accumulation of 4.52 trillion tons of CO2 by 2300.  Less 25% (1.13 Tt) due to carbon sinks (the oceans are almost saturated with CO2), the world will have an accumulation of 3.4Tt (4.52 – 1.13) of carbon in the atmosphere. Dividing 3.4 trillion tons of CO2 by 975 million = 3.48 °C (6.26 °F).  This means that the world will be 6.26 °F warmer in 2100 than it was in 2020.

The rise in sea level comes from two distinct processes: water expansions (3.3 feet) due to the added 6.26 °F of increased temperature and melting ice, mainly from Greenland (.41 feet) and the Antarctica (.2 feet) or 3.91 total feet by 2100, as well as increased extraction of groundwater due to irrigation.   Although we do not usually notice it, water expands very slightly as it gets warmer. The second and potentially greater contribution to rising sea level comes from the melting of glacial ice. Antarctica has 90% of the ice, Greenland has 9% of the ice (2,931 trillion tons of ice) and the remaining 1% is tied up in continental glaciers, which except for the Himalayas will all melt by 2100.  If Greenland completely melts, it will raise the sea level by about 24 feet (7.2 meters).  If the Antarctica completely melts, it will add 200 feet (or 60 meters) to the sea level rise.   

In the year 2100, I predict that fossil fuels will be almost depleted (coal may last until 2150) and that the temperature rise will level off. My model predicts that Greenland will be losing about 500 Gt of ice per year until the end of the century, resulting in about 0.41 feet of sea level rise by 2100.  In addition, the Antarctica will add another 0.2 feet of sea level rise. Adding this to the 3.3 feet for thermal warming results in a sea level rise of 3.9 feet.  Now add 2 feet due to melting of the West Antarctic Ice Sheet (WAIS) due to the collapse of the Pine Island and Thwaites glaciers and you have a 5.9 foot sea level rise by the end of the century.  NOAA (the National Oceanic and Atmospheric Administration) states that the oceans could rise 8 feet by 2100 under a worse-case scenario, namely a complete collapse of the WAIS.  

What effect would a 5.9 foot sea level rise have on the U.S.? Miami is one of the most vulnerable places to rising seas. About 2 million Americans would see their homes permanently flooded if sea levels rise just 3 feet. If the sea level rises 6 feet, 6 million Americans would see their homes permanently flooded. A new study predicts that as many as 13.1 million Americans in coastal areas will have to relocate by 2100 if the sea level rises 5.9 feet (1.8 meters), which is what I expect to be the most likely scenario.

In addition to sea-level rise, global warming is contributing to increases in the spread of insect-borne illnesses and crop-damaging pests. For example, diseases such as Zika, dengue fever and chikungunya are transmitted by mosquitoes, which pick up these diseases by biting infected people and then spreading them to other people through subsequent bites. Research has shown that warmer temperatures shorten the incubation period, which means the disease can spread more rapidly. Warmer temperatures also tend to increase the geographic range of insects.

Global warming also translates into more extreme weather events because higher temperatures mean an increase in energy in the atmosphere and oceans; energy is what drives weather. While we cannot attribute any particular storm to global warming, we can tie an overall trend to global warming. It makes logical sense that warm ocean waters give birth to more intense weather. Generally, hurricanes cannot survive for long over sea surfaces that are cooler than about 79 °F (26 °C). The longer the ocean waters stay above 79 °F, the more opportunity there is for a hurricane to blossom.

Lastly, global warming will result in more droughts, floods and water scarcity.  Demand for water has tripled during the past 50 years. Currently a half billion people live in a water-stressed country. By 2025, that number is expected to increase to about 3 billion. The vast majority of fresh water, about 70%, is used for agriculture. On the U.S. East Coast, much of the water supply comes from surface water, whereas most of the Midwest gets its water supply from a combination of surface waters and well water. The well water comes from underground aquifers such as the Ogallala Aquifer. At present rates of withdrawal, parts of the Ogallala Aquifer water will be available for irrigation for only another 10 to 20 years.",greenhouse effect concerned infrared radiation given earth suns radiation basically passes oxygen nitrogen earths atmosphere lands earths surface absorbed reflected atmosphere radiation bounces greenhouse gases returns absorbed earth greenhouses gases ghgs water vapor ho carbon dioxide nitrous oxide methane ch long does remain atmosphere difficult question processes remove carbon dioxide atmosphere released air dissolves ocean period years rest removed thousand years according ipcc fourth assessment report increase removed atmosphere years removed centuries remaining stay atmosphere thousands years means stop carbon dioxide emissions tomorrow carbon dioxide atmosphere continue warm climate thousands years methane ch contrast persists years methane times potent carbon dioxide effect relatively shortlived furthermore methane increased ppb ppb today notice parts billion parts million emissions carbon dioxide atmosphere causing global warming earth warm year depends billions tons carbon dioxide emitted atmosphere general rule trillion tons additional carbon dioxide atmosphere actually billion translate ppm additional carbon dioxide ppm additional carbon dioxide translates f c global warming verified fact preindustrial carbon dioxide ppm ppm period planet warmed c scientists measured atmospheric carbon dioxide corresponds ppm corresponds billion metric tons atmosphere order increase global temperature c need x billion billion metric tons carbon dioxide metric ton equals kilograms x pounds country world does use metric ton world pumped billion metric tons gt carbon dioxide atmosphere average capita emission carbon dioxide metric tons person year year billion people businessasusual scenario expect world emit x billion metric tons atmosphere year average billion tons years accumulation trillion tons tt carbon sinks oceans saturated world accumulation tt carbon atmosphere dividing trillion tons million c f means world f warmer rise sea level comes distinct processes water expansions feet added f increased temperature melting ice mainly greenland feet antarctica feet total feet increased extraction groundwater irrigation usually notice water expands slightly gets warmer second potentially greater contribution rising sea level comes melting glacial ice antarctica ice greenland ice trillion tons ice remaining tied continental glaciers himalayas melt greenland completely melts raise sea level feet meters antarctica completely melts add feet meters sea level rise year predict fossil fuels depleted coal temperature rise level model predicts greenland losing gt ice year end century resulting feet sea level rise addition antarctica add feet sea level rise adding feet thermal warming results sea level rise feet add feet melting west antarctic ice sheet wais collapse pine island thwaites glaciers foot sea level rise end century noaa national oceanic atmospheric administration states oceans rise feet worsecase scenario complete collapse wais effect foot sea level rise miami vulnerable places rising seas million americans homes permanently flooded sea levels rise just feet sea level rises feet million americans homes permanently flooded new study predicts million americans coastal areas relocate sea level rises feet meters expect likely scenario addition sealevel rise global warming contributing increases spread insectborne illnesses cropdamaging pests example diseases zika dengue fever chikungunya transmitted mosquitoes pick diseases biting infected people spreading people subsequent bites research shown warmer temperatures shorten incubation period means disease spread rapidly warmer temperatures tend increase geographic range insects global warming translates extreme weather events higher temperatures mean increase energy atmosphere oceans energy drives weather attribute particular storm global warming tie overall trend global warming makes logical sense warm ocean waters birth intense weather generally hurricanes survive long sea surfaces cooler f c longer ocean waters stay f opportunity hurricane blossom lastly global warming result droughts floods water scarcity demand water tripled past years currently half billion people live waterstressed country number expected increase billion vast majority fresh water used agriculture east coast water supply comes surface water midwest gets water supply combination surface waters water water comes underground aquifers ogallala aquifer present rates withdrawal parts ogallala aquifer water available irrigation years,Positive
1,Dont agree,dont agree,Neutral
0,"The “greenhouse effect” is concerned with the infrared radiation given off by the earth. The sun’s radiation basically passes through the oxygen and nitrogen in the earth’s atmosphere and lands on the earth’s surface, where 70% of it is absorbed; 30% is reflected back into the atmosphere. Part of this radiation bounces off the greenhouse gases and returns to be absorbed by earth. The greenhouses gases (GHGs) are water vapor (H2O), carbon dioxide (CO2), nitrous oxide (NO2) and methane (CH4).

How long does CO2 remain in the atmosphere? This is a difficult question because there are several processes that remove carbon dioxide from the atmosphere. From 65% to 80% of the CO2 that is released into the air dissolves into the ocean over a period of 50-200 years. The rest is removed over several hundred thousand years. According to the IPCC Fourth Assessment Report, about 50% of CO2 increase will be removed from the atmosphere within 30 years, another 30% will be removed within a few centuries and the remaining 20% may stay in the atmosphere for thousands of years. This means that if we could stop carbon dioxide emissions tomorrow, the carbon dioxide in the atmosphere would continue to warm the climate for thousands of years. Methane (CH4), by contrast, persists for about 12 years. Thus, even though methane is 26 times more potent than carbon dioxide, its effect is relatively short-lived. Furthermore, methane has increased from 700 ppb in 1750 to 1893 ppb today; notice that is parts per billion, not parts per million.

If the emissions of carbon dioxide into the atmosphere are causing global warming, how much will the earth warm up by the year 2100? This depends upon how many billions of tons of carbon dioxide are being emitted into the atmosphere. As a general rule, about 1 trillion tons of additional carbon dioxide in the atmosphere (actually 975 billion) will translate to about 125 ppm of additional carbon dioxide. Also, 125 ppm of additional carbon dioxide translates to about 1.8 °F (1 °C) in global warming. This can be verified by the fact that pre-industrial carbon dioxide was about 280 ppm and is now about 405 ppm. During this period, the planet warmed up about 1 °C.

Scientists have measured the amount of atmospheric carbon dioxide which corresponds to 1 ppm and have found that this corresponds to 7.8 billion metric tons of CO2 in the atmosphere. Therefore, in order to increase the global temperature by 1 °C, you would need 125 x 7.8 billion or 975 billion metric tons of carbon dioxide. A metric ton equals 1,000 kilograms (or 2.2 x 1,000 = 2,200 pounds); the U.S. is the only country in the world that does not use the metric ton. In 2016, the world pumped 36.1 billion metric tons (or 39.8 U.S. Gt) of carbon dioxide into the atmosphere. The average per capita emission of carbon dioxide is 7 metric tons per person per year. In the year 2100, there will be about 11 billion people. Therefore, in 2100, in a business-as-usual scenario, we can expect the world to emit 11 x 7 or 77 billion metric tons into the atmosphere per year or an average of 56.5 billion tons for the next 80 years, i.e., an accumulation of 4.52 trillion tons of CO2 by 2300.  Less 25% (1.13 Tt) due to carbon sinks (the oceans are almost saturated with CO2), the world will have an accumulation of 3.4Tt (4.52 – 1.13) of carbon in the atmosphere. Dividing 3.4 trillion tons of CO2 by 975 million = 3.48 °C (6.26 °F).  This means that the world will be 6.26 °F warmer in 2100 than it was in 2020.

The rise in sea level comes from two distinct processes: water expansions (3.3 feet) due to the added 6.26 °F of increased temperature and melting ice, mainly from Greenland (.41 feet) and the Antarctica (.2 feet) or 3.91 total feet by 2100, as well as increased extraction of groundwater due to irrigation.   Although we do not usually notice it, water expands very slightly as it gets warmer. The second and potentially greater contribution to rising sea level comes from the melting of glacial ice. Antarctica has 90% of the ice, Greenland has 9% of the ice (2,931 trillion tons of ice) and the remaining 1% is tied up in continental glaciers, which except for the Himalayas will all melt by 2100.  If Greenland completely melts, it will raise the sea level by about 24 feet (7.2 meters).  If the Antarctica completely melts, it will add 200 feet (or 60 meters) to the sea level rise.   

In the year 2100, I predict that fossil fuels will be almost depleted (coal may last until 2150) and that the temperature rise will level off. My model predicts that Greenland will be losing about 500 Gt of ice per year until the end of the century, resulting in about 0.41 feet of sea level rise by 2100.  In addition, the Antarctica will add another 0.2 feet of sea level rise. Adding this to the 3.3 feet for thermal warming results in a sea level rise of 3.9 feet.  Now add 2 feet due to melting of the West Antarctic Ice Sheet (WAIS) due to the collapse of the Pine Island and Thwaites glaciers and you have a 5.9 foot sea level rise by the end of the century.  NOAA (the National Oceanic and Atmospheric Administration) states that the oceans could rise 8 feet by 2100 under a worse-case scenario, namely a complete collapse of the WAIS.  

What effect would a 5.9 foot sea level rise have on the U.S.? Miami is one of the most vulnerable places to rising seas. About 2 million Americans would see their homes permanently flooded if sea levels rise just 3 feet. If the sea level rises 6 feet, 6 million Americans would see their homes permanently flooded. A new study predicts that as many as 13.1 million Americans in coastal areas will have to relocate by 2100 if the sea level rises 5.9 feet (1.8 meters), which is what I expect to be the most likely scenario.

In addition to sea-level rise, global warming is contributing to increases in the spread of insect-borne illnesses and crop-damaging pests. For example, diseases such as Zika, dengue fever and chikungunya are transmitted by mosquitoes, which pick up these diseases by biting infected people and then spreading them to other people through subsequent bites. Research has shown that warmer temperatures shorten the incubation period, which means the disease can spread more rapidly. Warmer temperatures also tend to increase the geographic range of insects.

Global warming also translates into more extreme weather events because higher temperatures mean an increase in energy in the atmosphere and oceans; energy is what drives weather. While we cannot attribute any particular storm to global warming, we can tie an overall trend to global warming. It makes logical sense that warm ocean waters give birth to more intense weather. Generally, hurricanes cannot survive for long over sea surfaces that are cooler than about 79 °F (26 °C). The longer the ocean waters stay above 79 °F, the more opportunity there is for a hurricane to blossom.

Lastly, global warming will result in more droughts, floods and water scarcity.  Demand for water has tripled during the past 50 years. Currently a half billion people live in a water-stressed country. By 2025, that number is expected to increase to about 3 billion. The vast majority of fresh water, about 70%, is used for agriculture. On the U.S. East Coast, much of the water supply comes from surface water, whereas most of the Midwest gets its water supply from a combination of surface waters and well water. The well water comes from underground aquifers such as the Ogallala Aquifer. At present rates of withdrawal, parts of the Ogallala Aquifer water will be available for irrigation for only another 10 to 20 years.",greenhouse effect concerned infrared radiation given earth suns radiation basically passes oxygen nitrogen earths atmosphere lands earths surface absorbed reflected atmosphere radiation bounces greenhouse gases returns absorbed earth greenhouses gases ghgs water vapor ho carbon dioxide nitrous oxide methane ch long does remain atmosphere difficult question processes remove carbon dioxide atmosphere released air dissolves ocean period years rest removed thousand years according ipcc fourth assessment report increase removed atmosphere years removed centuries remaining stay atmosphere thousands years means stop carbon dioxide emissions tomorrow carbon dioxide atmosphere continue warm climate thousands years methane ch contrast persists years methane times potent carbon dioxide effect relatively shortlived furthermore methane increased ppb ppb today notice parts billion parts million emissions carbon dioxide atmosphere causing global warming earth warm year depends billions tons carbon dioxide emitted atmosphere general rule trillion tons additional carbon dioxide atmosphere actually billion translate ppm additional carbon dioxide ppm additional carbon dioxide translates f c global warming verified fact preindustrial carbon dioxide ppm ppm period planet warmed c scientists measured atmospheric carbon dioxide corresponds ppm corresponds billion metric tons atmosphere order increase global temperature c need x billion billion metric tons carbon dioxide metric ton equals kilograms x pounds country world does use metric ton world pumped billion metric tons gt carbon dioxide atmosphere average capita emission carbon dioxide metric tons person year year billion people businessasusual scenario expect world emit x billion metric tons atmosphere year average billion tons years accumulation trillion tons tt carbon sinks oceans saturated world accumulation tt carbon atmosphere dividing trillion tons million c f means world f warmer rise sea level comes distinct processes water expansions feet added f increased temperature melting ice mainly greenland feet antarctica feet total feet increased extraction groundwater irrigation usually notice water expands slightly gets warmer second potentially greater contribution rising sea level comes melting glacial ice antarctica ice greenland ice trillion tons ice remaining tied continental glaciers himalayas melt greenland completely melts raise sea level feet meters antarctica completely melts add feet meters sea level rise year predict fossil fuels depleted coal temperature rise level model predicts greenland losing gt ice year end century resulting feet sea level rise addition antarctica add feet sea level rise adding feet thermal warming results sea level rise feet add feet melting west antarctic ice sheet wais collapse pine island thwaites glaciers foot sea level rise end century noaa national oceanic atmospheric administration states oceans rise feet worsecase scenario complete collapse wais effect foot sea level rise miami vulnerable places rising seas million americans homes permanently flooded sea levels rise just feet sea level rises feet million americans homes permanently flooded new study predicts million americans coastal areas relocate sea level rises feet meters expect likely scenario addition sealevel rise global warming contributing increases spread insectborne illnesses cropdamaging pests example diseases zika dengue fever chikungunya transmitted mosquitoes pick diseases biting infected people spreading people subsequent bites research shown warmer temperatures shorten incubation period means disease spread rapidly warmer temperatures tend increase geographic range insects global warming translates extreme weather events higher temperatures mean increase energy atmosphere oceans energy drives weather attribute particular storm global warming tie overall trend global warming makes logical sense warm ocean waters birth intense weather generally hurricanes survive long sea surfaces cooler f c longer ocean waters stay f opportunity hurricane blossom lastly global warming result droughts floods water scarcity demand water tripled past years currently half billion people live waterstressed country number expected increase billion vast majority fresh water used agriculture east coast water supply comes surface water midwest gets water supply combination surface waters water water comes underground aquifers ogallala aquifer present rates withdrawal parts ogallala aquifer water available irrigation years,Positive
0,We are the ☣️,,Neutral
0,Among other things too !,things,Neutral
0,"The “greenhouse effect” is concerned with the infrared radiation given off by the earth. The sun’s radiation basically passes through the oxygen and nitrogen in the earth’s atmosphere and lands on the earth’s surface, where 70% of it is absorbed; 30% is reflected back into the atmosphere. Part of this radiation bounces off the greenhouse gases and returns to be absorbed by earth. The greenhouses gases (GHGs) are water vapor (H2O), carbon dioxide (CO2), nitrous oxide (NO2) and methane (CH4).

How long does CO2 remain in the atmosphere? This is a difficult question because there are several processes that remove carbon dioxide from the atmosphere. From 65% to 80% of the CO2 that is released into the air dissolves into the ocean over a period of 50-200 years. The rest is removed over several hundred thousand years. According to the IPCC Fourth Assessment Report, about 50% of CO2 increase will be removed from the atmosphere within 30 years, another 30% will be removed within a few centuries and the remaining 20% may stay in the atmosphere for thousands of years. This means that if we could stop carbon dioxide emissions tomorrow, the carbon dioxide in the atmosphere would continue to warm the climate for thousands of years. Methane (CH4), by contrast, persists for about 12 years. Thus, even though methane is 26 times more potent than carbon dioxide, its effect is relatively short-lived. Furthermore, methane has increased from 700 ppb in 1750 to 1893 ppb today; notice that is parts per billion, not parts per million.

If the emissions of carbon dioxide into the atmosphere are causing global warming, how much will the earth warm up by the year 2100? This depends upon how many billions of tons of carbon dioxide are being emitted into the atmosphere. As a general rule, about 1 trillion tons of additional carbon dioxide in the atmosphere (actually 975 billion) will translate to about 125 ppm of additional carbon dioxide. Also, 125 ppm of additional carbon dioxide translates to about 1.8 °F (1 °C) in global warming. This can be verified by the fact that pre-industrial carbon dioxide was about 280 ppm and is now about 405 ppm. During this period, the planet warmed up about 1 °C.

Scientists have measured the amount of atmospheric carbon dioxide which corresponds to 1 ppm and have found that this corresponds to 7.8 billion metric tons of CO2 in the atmosphere. Therefore, in order to increase the global temperature by 1 °C, you would need 125 x 7.8 billion or 975 billion metric tons of carbon dioxide. A metric ton equals 1,000 kilograms (or 2.2 x 1,000 = 2,200 pounds); the U.S. is the only country in the world that does not use the metric ton. In 2016, the world pumped 36.1 billion metric tons (or 39.8 U.S. Gt) of carbon dioxide into the atmosphere. The average per capita emission of carbon dioxide is 7 metric tons per person per year. In the year 2100, there will be about 11 billion people. Therefore, in 2100, in a business-as-usual scenario, we can expect the world to emit 11 x 7 or 77 billion metric tons into the atmosphere per year or an average of 56.5 billion tons for the next 80 years, i.e., an accumulation of 4.52 trillion tons of CO2 by 2300.  Less 25% (1.13 Tt) due to carbon sinks (the oceans are almost saturated with CO2), the world will have an accumulation of 3.4Tt (4.52 – 1.13) of carbon in the atmosphere. Dividing 3.4 trillion tons of CO2 by 975 million = 3.48 °C (6.26 °F).  This means that the world will be 6.26 °F warmer in 2100 than it was in 2020.

The rise in sea level comes from two distinct processes: water expansions (3.3 feet) due to the added 6.26 °F of increased temperature and melting ice, mainly from Greenland (.41 feet) and the Antarctica (.2 feet) or 3.91 total feet by 2100, as well as increased extraction of groundwater due to irrigation.   Although we do not usually notice it, water expands very slightly as it gets warmer. The second and potentially greater contribution to rising sea level comes from the melting of glacial ice. Antarctica has 90% of the ice, Greenland has 9% of the ice (2,931 trillion tons of ice) and the remaining 1% is tied up in continental glaciers, which except for the Himalayas will all melt by 2100.  If Greenland completely melts, it will raise the sea level by about 24 feet (7.2 meters).  If the Antarctica completely melts, it will add 200 feet (or 60 meters) to the sea level rise.   

In the year 2100, I predict that fossil fuels will be almost depleted (coal may last until 2150) and that the temperature rise will level off. My model predicts that Greenland will be losing about 500 Gt of ice per year until the end of the century, resulting in about 0.41 feet of sea level rise by 2100.  In addition, the Antarctica will add another 0.2 feet of sea level rise. Adding this to the 3.3 feet for thermal warming results in a sea level rise of 3.9 feet.  Now add 2 feet due to melting of the West Antarctic Ice Sheet (WAIS) due to the collapse of the Pine Island and Thwaites glaciers and you have a 5.9 foot sea level rise by the end of the century.  NOAA (the National Oceanic and Atmospheric Administration) states that the oceans could rise 8 feet by 2100 under a worse-case scenario, namely a complete collapse of the WAIS.  

What effect would a 5.9 foot sea level rise have on the U.S.? Miami is one of the most vulnerable places to rising seas. About 2 million Americans would see their homes permanently flooded if sea levels rise just 3 feet. If the sea level rises 6 feet, 6 million Americans would see their homes permanently flooded. A new study predicts that as many as 13.1 million Americans in coastal areas will have to relocate by 2100 if the sea level rises 5.9 feet (1.8 meters), which is what I expect to be the most likely scenario.

In addition to sea-level rise, global warming is contributing to increases in the spread of insect-borne illnesses and crop-damaging pests. For example, diseases such as Zika, dengue fever and chikungunya are transmitted by mosquitoes, which pick up these diseases by biting infected people and then spreading them to other people through subsequent bites. Research has shown that warmer temperatures shorten the incubation period, which means the disease can spread more rapidly. Warmer temperatures also tend to increase the geographic range of insects.

Global warming also translates into more extreme weather events because higher temperatures mean an increase in energy in the atmosphere and oceans; energy is what drives weather. While we cannot attribute any particular storm to global warming, we can tie an overall trend to global warming. It makes logical sense that warm ocean waters give birth to more intense weather. Generally, hurricanes cannot survive for long over sea surfaces that are cooler than about 79 °F (26 °C). The longer the ocean waters stay above 79 °F, the more opportunity there is for a hurricane to blossom.

Lastly, global warming will result in more droughts, floods and water scarcity.  Demand for water has tripled during the past 50 years. Currently a half billion people live in a water-stressed country. By 2025, that number is expected to increase to about 3 billion. The vast majority of fresh water, about 70%, is used for agriculture. On the U.S. East Coast, much of the water supply comes from surface water, whereas most of the Midwest gets its water supply from a combination of surface waters and well water. The well water comes from underground aquifers such as the Ogallala Aquifer. At present rates of withdrawal, parts of the Ogallala Aquifer water will be available for irrigation for only another 10 to 20 years.",greenhouse effect concerned infrared radiation given earth suns radiation basically passes oxygen nitrogen earths atmosphere lands earths surface absorbed reflected atmosphere radiation bounces greenhouse gases returns absorbed earth greenhouses gases ghgs water vapor ho carbon dioxide nitrous oxide methane ch long does remain atmosphere difficult question processes remove carbon dioxide atmosphere released air dissolves ocean period years rest removed thousand years according ipcc fourth assessment report increase removed atmosphere years removed centuries remaining stay atmosphere thousands years means stop carbon dioxide emissions tomorrow carbon dioxide atmosphere continue warm climate thousands years methane ch contrast persists years methane times potent carbon dioxide effect relatively shortlived furthermore methane increased ppb ppb today notice parts billion parts million emissions carbon dioxide atmosphere causing global warming earth warm year depends billions tons carbon dioxide emitted atmosphere general rule trillion tons additional carbon dioxide atmosphere actually billion translate ppm additional carbon dioxide ppm additional carbon dioxide translates f c global warming verified fact preindustrial carbon dioxide ppm ppm period planet warmed c scientists measured atmospheric carbon dioxide corresponds ppm corresponds billion metric tons atmosphere order increase global temperature c need x billion billion metric tons carbon dioxide metric ton equals kilograms x pounds country world does use metric ton world pumped billion metric tons gt carbon dioxide atmosphere average capita emission carbon dioxide metric tons person year year billion people businessasusual scenario expect world emit x billion metric tons atmosphere year average billion tons years accumulation trillion tons tt carbon sinks oceans saturated world accumulation tt carbon atmosphere dividing trillion tons million c f means world f warmer rise sea level comes distinct processes water expansions feet added f increased temperature melting ice mainly greenland feet antarctica feet total feet increased extraction groundwater irrigation usually notice water expands slightly gets warmer second potentially greater contribution rising sea level comes melting glacial ice antarctica ice greenland ice trillion tons ice remaining tied continental glaciers himalayas melt greenland completely melts raise sea level feet meters antarctica completely melts add feet meters sea level rise year predict fossil fuels depleted coal temperature rise level model predicts greenland losing gt ice year end century resulting feet sea level rise addition antarctica add feet sea level rise adding feet thermal warming results sea level rise feet add feet melting west antarctic ice sheet wais collapse pine island thwaites glaciers foot sea level rise end century noaa national oceanic atmospheric administration states oceans rise feet worsecase scenario complete collapse wais effect foot sea level rise miami vulnerable places rising seas million americans homes permanently flooded sea levels rise just feet sea level rises feet million americans homes permanently flooded new study predicts million americans coastal areas relocate sea level rises feet meters expect likely scenario addition sealevel rise global warming contributing increases spread insectborne illnesses cropdamaging pests example diseases zika dengue fever chikungunya transmitted mosquitoes pick diseases biting infected people spreading people subsequent bites research shown warmer temperatures shorten incubation period means disease spread rapidly warmer temperatures tend increase geographic range insects global warming translates extreme weather events higher temperatures mean increase energy atmosphere oceans energy drives weather attribute particular storm global warming tie overall trend global warming makes logical sense warm ocean waters birth intense weather generally hurricanes survive long sea surfaces cooler f c longer ocean waters stay f opportunity hurricane blossom lastly global warming result droughts floods water scarcity demand water tripled past years currently half billion people live waterstressed country number expected increase billion vast majority fresh water used agriculture east coast water supply comes surface water midwest gets water supply combination surface waters water water comes underground aquifers ogallala aquifer present rates withdrawal parts ogallala aquifer water available irrigation years,Positive
0,Wake up people's!!!!!,wake peoples,Neutral
0,"The “greenhouse effect” is concerned with the infrared radiation given off by the earth. The sun’s radiation basically passes through the oxygen and nitrogen in the earth’s atmosphere and lands on the earth’s surface, where 70% of it is absorbed; 30% is reflected back into the atmosphere. Part of this radiation bounces off the greenhouse gases and returns to be absorbed by earth. The greenhouses gases (GHGs) are water vapor (H2O), carbon dioxide (CO2), nitrous oxide (NO2) and methane (CH4).

How long does CO2 remain in the atmosphere? This is a difficult question because there are several processes that remove carbon dioxide from the atmosphere. From 65% to 80% of the CO2 that is released into the air dissolves into the ocean over a period of 50-200 years. The rest is removed over several hundred thousand years. According to the IPCC Fourth Assessment Report, about 50% of CO2 increase will be removed from the atmosphere within 30 years, another 30% will be removed within a few centuries and the remaining 20% may stay in the atmosphere for thousands of years. This means that if we could stop carbon dioxide emissions tomorrow, the carbon dioxide in the atmosphere would continue to warm the climate for thousands of years. Methane (CH4), by contrast, persists for about 12 years. Thus, even though methane is 26 times more potent than carbon dioxide, its effect is relatively short-lived. Furthermore, methane has increased from 700 ppb in 1750 to 1893 ppb today; notice that is parts per billion, not parts per million.

If the emissions of carbon dioxide into the atmosphere are causing global warming, how much will the earth warm up by the year 2100? This depends upon how many billions of tons of carbon dioxide are being emitted into the atmosphere. As a general rule, about 1 trillion tons of additional carbon dioxide in the atmosphere (actually 975 billion) will translate to about 125 ppm of additional carbon dioxide. Also, 125 ppm of additional carbon dioxide translates to about 1.8 °F (1 °C) in global warming. This can be verified by the fact that pre-industrial carbon dioxide was about 280 ppm and is now about 405 ppm. During this period, the planet warmed up about 1 °C.

Scientists have measured the amount of atmospheric carbon dioxide which corresponds to 1 ppm and have found that this corresponds to 7.8 billion metric tons of CO2 in the atmosphere. Therefore, in order to increase the global temperature by 1 °C, you would need 125 x 7.8 billion or 975 billion metric tons of carbon dioxide. A metric ton equals 1,000 kilograms (or 2.2 x 1,000 = 2,200 pounds); the U.S. is the only country in the world that does not use the metric ton. In 2016, the world pumped 36.1 billion metric tons (or 39.8 U.S. Gt) of carbon dioxide into the atmosphere. The average per capita emission of carbon dioxide is 7 metric tons per person per year. In the year 2100, there will be about 11 billion people. Therefore, in 2100, in a business-as-usual scenario, we can expect the world to emit 11 x 7 or 77 billion metric tons into the atmosphere per year or an average of 56.5 billion tons for the next 80 years, i.e., an accumulation of 4.52 trillion tons of CO2 by 2300.  Less 25% (1.13 Tt) due to carbon sinks (the oceans are almost saturated with CO2), the world will have an accumulation of 3.4Tt (4.52 – 1.13) of carbon in the atmosphere. Dividing 3.4 trillion tons of CO2 by 975 million = 3.48 °C (6.26 °F).  This means that the world will be 6.26 °F warmer in 2100 than it was in 2020.

The rise in sea level comes from two distinct processes: water expansions (3.3 feet) due to the added 6.26 °F of increased temperature and melting ice, mainly from Greenland (.41 feet) and the Antarctica (.2 feet) or 3.91 total feet by 2100, as well as increased extraction of groundwater due to irrigation.   Although we do not usually notice it, water expands very slightly as it gets warmer. The second and potentially greater contribution to rising sea level comes from the melting of glacial ice. Antarctica has 90% of the ice, Greenland has 9% of the ice (2,931 trillion tons of ice) and the remaining 1% is tied up in continental glaciers, which except for the Himalayas will all melt by 2100.  If Greenland completely melts, it will raise the sea level by about 24 feet (7.2 meters).  If the Antarctica completely melts, it will add 200 feet (or 60 meters) to the sea level rise.   

In the year 2100, I predict that fossil fuels will be almost depleted (coal may last until 2150) and that the temperature rise will level off. My model predicts that Greenland will be losing about 500 Gt of ice per year until the end of the century, resulting in about 0.41 feet of sea level rise by 2100.  In addition, the Antarctica will add another 0.2 feet of sea level rise. Adding this to the 3.3 feet for thermal warming results in a sea level rise of 3.9 feet.  Now add 2 feet due to melting of the West Antarctic Ice Sheet (WAIS) due to the collapse of the Pine Island and Thwaites glaciers and you have a 5.9 foot sea level rise by the end of the century.  NOAA (the National Oceanic and Atmospheric Administration) states that the oceans could rise 8 feet by 2100 under a worse-case scenario, namely a complete collapse of the WAIS.  

What effect would a 5.9 foot sea level rise have on the U.S.? Miami is one of the most vulnerable places to rising seas. About 2 million Americans would see their homes permanently flooded if sea levels rise just 3 feet. If the sea level rises 6 feet, 6 million Americans would see their homes permanently flooded. A new study predicts that as many as 13.1 million Americans in coastal areas will have to relocate by 2100 if the sea level rises 5.9 feet (1.8 meters), which is what I expect to be the most likely scenario.

In addition to sea-level rise, global warming is contributing to increases in the spread of insect-borne illnesses and crop-damaging pests. For example, diseases such as Zika, dengue fever and chikungunya are transmitted by mosquitoes, which pick up these diseases by biting infected people and then spreading them to other people through subsequent bites. Research has shown that warmer temperatures shorten the incubation period, which means the disease can spread more rapidly. Warmer temperatures also tend to increase the geographic range of insects.

Global warming also translates into more extreme weather events because higher temperatures mean an increase in energy in the atmosphere and oceans; energy is what drives weather. While we cannot attribute any particular storm to global warming, we can tie an overall trend to global warming. It makes logical sense that warm ocean waters give birth to more intense weather. Generally, hurricanes cannot survive for long over sea surfaces that are cooler than about 79 °F (26 °C). The longer the ocean waters stay above 79 °F, the more opportunity there is for a hurricane to blossom.

Lastly, global warming will result in more droughts, floods and water scarcity.  Demand for water has tripled during the past 50 years. Currently a half billion people live in a water-stressed country. By 2025, that number is expected to increase to about 3 billion. The vast majority of fresh water, about 70%, is used for agriculture. On the U.S. East Coast, much of the water supply comes from surface water, whereas most of the Midwest gets its water supply from a combination of surface waters and well water. The well water comes from underground aquifers such as the Ogallala Aquifer. At present rates of withdrawal, parts of the Ogallala Aquifer water will be available for irrigation for only another 10 to 20 years.",greenhouse effect concerned infrared radiation given earth suns radiation basically passes oxygen nitrogen earths atmosphere lands earths surface absorbed reflected atmosphere radiation bounces greenhouse gases returns absorbed earth greenhouses gases ghgs water vapor ho carbon dioxide nitrous oxide methane ch long does remain atmosphere difficult question processes remove carbon dioxide atmosphere released air dissolves ocean period years rest removed thousand years according ipcc fourth assessment report increase removed atmosphere years removed centuries remaining stay atmosphere thousands years means stop carbon dioxide emissions tomorrow carbon dioxide atmosphere continue warm climate thousands years methane ch contrast persists years methane times potent carbon dioxide effect relatively shortlived furthermore methane increased ppb ppb today notice parts billion parts million emissions carbon dioxide atmosphere causing global warming earth warm year depends billions tons carbon dioxide emitted atmosphere general rule trillion tons additional carbon dioxide atmosphere actually billion translate ppm additional carbon dioxide ppm additional carbon dioxide translates f c global warming verified fact preindustrial carbon dioxide ppm ppm period planet warmed c scientists measured atmospheric carbon dioxide corresponds ppm corresponds billion metric tons atmosphere order increase global temperature c need x billion billion metric tons carbon dioxide metric ton equals kilograms x pounds country world does use metric ton world pumped billion metric tons gt carbon dioxide atmosphere average capita emission carbon dioxide metric tons person year year billion people businessasusual scenario expect world emit x billion metric tons atmosphere year average billion tons years accumulation trillion tons tt carbon sinks oceans saturated world accumulation tt carbon atmosphere dividing trillion tons million c f means world f warmer rise sea level comes distinct processes water expansions feet added f increased temperature melting ice mainly greenland feet antarctica feet total feet increased extraction groundwater irrigation usually notice water expands slightly gets warmer second potentially greater contribution rising sea level comes melting glacial ice antarctica ice greenland ice trillion tons ice remaining tied continental glaciers himalayas melt greenland completely melts raise sea level feet meters antarctica completely melts add feet meters sea level rise year predict fossil fuels depleted coal temperature rise level model predicts greenland losing gt ice year end century resulting feet sea level rise addition antarctica add feet sea level rise adding feet thermal warming results sea level rise feet add feet melting west antarctic ice sheet wais collapse pine island thwaites glaciers foot sea level rise end century noaa national oceanic atmospheric administration states oceans rise feet worsecase scenario complete collapse wais effect foot sea level rise miami vulnerable places rising seas million americans homes permanently flooded sea levels rise just feet sea level rises feet million americans homes permanently flooded new study predicts million americans coastal areas relocate sea level rises feet meters expect likely scenario addition sealevel rise global warming contributing increases spread insectborne illnesses cropdamaging pests example diseases zika dengue fever chikungunya transmitted mosquitoes pick diseases biting infected people spreading people subsequent bites research shown warmer temperatures shorten incubation period means disease spread rapidly warmer temperatures tend increase geographic range insects global warming translates extreme weather events higher temperatures mean increase energy atmosphere oceans energy drives weather attribute particular storm global warming tie overall trend global warming makes logical sense warm ocean waters birth intense weather generally hurricanes survive long sea surfaces cooler f c longer ocean waters stay f opportunity hurricane blossom lastly global warming result droughts floods water scarcity demand water tripled past years currently half billion people live waterstressed country number expected increase billion vast majority fresh water used agriculture east coast water supply comes surface water midwest gets water supply combination surface waters water water comes underground aquifers ogallala aquifer present rates withdrawal parts ogallala aquifer water available irrigation years,Positive
0,Fake.,fake,Negative
0,"The “greenhouse effect” is concerned with the infrared radiation given off by the earth. The sun’s radiation basically passes through the oxygen and nitrogen in the earth’s atmosphere and lands on the earth’s surface, where 70% of it is absorbed; 30% is reflected back into the atmosphere. Part of this radiation bounces off the greenhouse gases and returns to be absorbed by earth. The greenhouses gases (GHGs) are water vapor (H2O), carbon dioxide (CO2), nitrous oxide (NO2) and methane (CH4).

How long does CO2 remain in the atmosphere? This is a difficult question because there are several processes that remove carbon dioxide from the atmosphere. From 65% to 80% of the CO2 that is released into the air dissolves into the ocean over a period of 50-200 years. The rest is removed over several hundred thousand years. According to the IPCC Fourth Assessment Report, about 50% of CO2 increase will be removed from the atmosphere within 30 years, another 30% will be removed within a few centuries and the remaining 20% may stay in the atmosphere for thousands of years. This means that if we could stop carbon dioxide emissions tomorrow, the carbon dioxide in the atmosphere would continue to warm the climate for thousands of years. Methane (CH4), by contrast, persists for about 12 years. Thus, even though methane is 26 times more potent than carbon dioxide, its effect is relatively short-lived. Furthermore, methane has increased from 700 ppb in 1750 to 1893 ppb today; notice that is parts per billion, not parts per million.

If the emissions of carbon dioxide into the atmosphere are causing global warming, how much will the earth warm up by the year 2100? This depends upon how many billions of tons of carbon dioxide are being emitted into the atmosphere. As a general rule, about 1 trillion tons of additional carbon dioxide in the atmosphere (actually 975 billion) will translate to about 125 ppm of additional carbon dioxide. Also, 125 ppm of additional carbon dioxide translates to about 1.8 °F (1 °C) in global warming. This can be verified by the fact that pre-industrial carbon dioxide was about 280 ppm and is now about 405 ppm. During this period, the planet warmed up about 1 °C.

Scientists have measured the amount of atmospheric carbon dioxide which corresponds to 1 ppm and have found that this corresponds to 7.8 billion metric tons of CO2 in the atmosphere. Therefore, in order to increase the global temperature by 1 °C, you would need 125 x 7.8 billion or 975 billion metric tons of carbon dioxide. A metric ton equals 1,000 kilograms (or 2.2 x 1,000 = 2,200 pounds); the U.S. is the only country in the world that does not use the metric ton. In 2016, the world pumped 36.1 billion metric tons (or 39.8 U.S. Gt) of carbon dioxide into the atmosphere. The average per capita emission of carbon dioxide is 7 metric tons per person per year. In the year 2100, there will be about 11 billion people. Therefore, in 2100, in a business-as-usual scenario, we can expect the world to emit 11 x 7 or 77 billion metric tons into the atmosphere per year or an average of 56.5 billion tons for the next 80 years, i.e., an accumulation of 4.52 trillion tons of CO2 by 2300.  Less 25% (1.13 Tt) due to carbon sinks (the oceans are almost saturated with CO2), the world will have an accumulation of 3.4Tt (4.52 – 1.13) of carbon in the atmosphere. Dividing 3.4 trillion tons of CO2 by 975 million = 3.48 °C (6.26 °F).  This means that the world will be 6.26 °F warmer in 2100 than it was in 2020.

The rise in sea level comes from two distinct processes: water expansions (3.3 feet) due to the added 6.26 °F of increased temperature and melting ice, mainly from Greenland (.41 feet) and the Antarctica (.2 feet) or 3.91 total feet by 2100, as well as increased extraction of groundwater due to irrigation.   Although we do not usually notice it, water expands very slightly as it gets warmer. The second and potentially greater contribution to rising sea level comes from the melting of glacial ice. Antarctica has 90% of the ice, Greenland has 9% of the ice (2,931 trillion tons of ice) and the remaining 1% is tied up in continental glaciers, which except for the Himalayas will all melt by 2100.  If Greenland completely melts, it will raise the sea level by about 24 feet (7.2 meters).  If the Antarctica completely melts, it will add 200 feet (or 60 meters) to the sea level rise.   

In the year 2100, I predict that fossil fuels will be almost depleted (coal may last until 2150) and that the temperature rise will level off. My model predicts that Greenland will be losing about 500 Gt of ice per year until the end of the century, resulting in about 0.41 feet of sea level rise by 2100.  In addition, the Antarctica will add another 0.2 feet of sea level rise. Adding this to the 3.3 feet for thermal warming results in a sea level rise of 3.9 feet.  Now add 2 feet due to melting of the West Antarctic Ice Sheet (WAIS) due to the collapse of the Pine Island and Thwaites glaciers and you have a 5.9 foot sea level rise by the end of the century.  NOAA (the National Oceanic and Atmospheric Administration) states that the oceans could rise 8 feet by 2100 under a worse-case scenario, namely a complete collapse of the WAIS.  

What effect would a 5.9 foot sea level rise have on the U.S.? Miami is one of the most vulnerable places to rising seas. About 2 million Americans would see their homes permanently flooded if sea levels rise just 3 feet. If the sea level rises 6 feet, 6 million Americans would see their homes permanently flooded. A new study predicts that as many as 13.1 million Americans in coastal areas will have to relocate by 2100 if the sea level rises 5.9 feet (1.8 meters), which is what I expect to be the most likely scenario.

In addition to sea-level rise, global warming is contributing to increases in the spread of insect-borne illnesses and crop-damaging pests. For example, diseases such as Zika, dengue fever and chikungunya are transmitted by mosquitoes, which pick up these diseases by biting infected people and then spreading them to other people through subsequent bites. Research has shown that warmer temperatures shorten the incubation period, which means the disease can spread more rapidly. Warmer temperatures also tend to increase the geographic range of insects.

Global warming also translates into more extreme weather events because higher temperatures mean an increase in energy in the atmosphere and oceans; energy is what drives weather. While we cannot attribute any particular storm to global warming, we can tie an overall trend to global warming. It makes logical sense that warm ocean waters give birth to more intense weather. Generally, hurricanes cannot survive for long over sea surfaces that are cooler than about 79 °F (26 °C). The longer the ocean waters stay above 79 °F, the more opportunity there is for a hurricane to blossom.

Lastly, global warming will result in more droughts, floods and water scarcity.  Demand for water has tripled during the past 50 years. Currently a half billion people live in a water-stressed country. By 2025, that number is expected to increase to about 3 billion. The vast majority of fresh water, about 70%, is used for agriculture. On the U.S. East Coast, much of the water supply comes from surface water, whereas most of the Midwest gets its water supply from a combination of surface waters and well water. The well water comes from underground aquifers such as the Ogallala Aquifer. At present rates of withdrawal, parts of the Ogallala Aquifer water will be available for irrigation for only another 10 to 20 years.",greenhouse effect concerned infrared radiation given earth suns radiation basically passes oxygen nitrogen earths atmosphere lands earths surface absorbed reflected atmosphere radiation bounces greenhouse gases returns absorbed earth greenhouses gases ghgs water vapor ho carbon dioxide nitrous oxide methane ch long does remain atmosphere difficult question processes remove carbon dioxide atmosphere released air dissolves ocean period years rest removed thousand years according ipcc fourth assessment report increase removed atmosphere years removed centuries remaining stay atmosphere thousands years means stop carbon dioxide emissions tomorrow carbon dioxide atmosphere continue warm climate thousands years methane ch contrast persists years methane times potent carbon dioxide effect relatively shortlived furthermore methane increased ppb ppb today notice parts billion parts million emissions carbon dioxide atmosphere causing global warming earth warm year depends billions tons carbon dioxide emitted atmosphere general rule trillion tons additional carbon dioxide atmosphere actually billion translate ppm additional carbon dioxide ppm additional carbon dioxide translates f c global warming verified fact preindustrial carbon dioxide ppm ppm period planet warmed c scientists measured atmospheric carbon dioxide corresponds ppm corresponds billion metric tons atmosphere order increase global temperature c need x billion billion metric tons carbon dioxide metric ton equals kilograms x pounds country world does use metric ton world pumped billion metric tons gt carbon dioxide atmosphere average capita emission carbon dioxide metric tons person year year billion people businessasusual scenario expect world emit x billion metric tons atmosphere year average billion tons years accumulation trillion tons tt carbon sinks oceans saturated world accumulation tt carbon atmosphere dividing trillion tons million c f means world f warmer rise sea level comes distinct processes water expansions feet added f increased temperature melting ice mainly greenland feet antarctica feet total feet increased extraction groundwater irrigation usually notice water expands slightly gets warmer second potentially greater contribution rising sea level comes melting glacial ice antarctica ice greenland ice trillion tons ice remaining tied continental glaciers himalayas melt greenland completely melts raise sea level feet meters antarctica completely melts add feet meters sea level rise year predict fossil fuels depleted coal temperature rise level model predicts greenland losing gt ice year end century resulting feet sea level rise addition antarctica add feet sea level rise adding feet thermal warming results sea level rise feet add feet melting west antarctic ice sheet wais collapse pine island thwaites glaciers foot sea level rise end century noaa national oceanic atmospheric administration states oceans rise feet worsecase scenario complete collapse wais effect foot sea level rise miami vulnerable places rising seas million americans homes permanently flooded sea levels rise just feet sea level rises feet million americans homes permanently flooded new study predicts million americans coastal areas relocate sea level rises feet meters expect likely scenario addition sealevel rise global warming contributing increases spread insectborne illnesses cropdamaging pests example diseases zika dengue fever chikungunya transmitted mosquitoes pick diseases biting infected people spreading people subsequent bites research shown warmer temperatures shorten incubation period means disease spread rapidly warmer temperatures tend increase geographic range insects global warming translates extreme weather events higher temperatures mean increase energy atmosphere oceans energy drives weather attribute particular storm global warming tie overall trend global warming makes logical sense warm ocean waters birth intense weather generally hurricanes survive long sea surfaces cooler f c longer ocean waters stay f opportunity hurricane blossom lastly global warming result droughts floods water scarcity demand water tripled past years currently half billion people live waterstressed country number expected increase billion vast majority fresh water used agriculture east coast water supply comes surface water midwest gets water supply combination surface waters water water comes underground aquifers ogallala aquifer present rates withdrawal parts ogallala aquifer water available irrigation years,Positive
0,"The “greenhouse effect” is concerned with the infrared radiation given off by the earth. The sun’s radiation basically passes through the oxygen and nitrogen in the earth’s atmosphere and lands on the earth’s surface, where 70% of it is absorbed; 30% is reflected back into the atmosphere. Part of this radiation bounces off the greenhouse gases and returns to be absorbed by earth. The greenhouses gases (GHGs) are water vapor (H2O), carbon dioxide (CO2), nitrous oxide (NO2) and methane (CH4).

How long does CO2 remain in the atmosphere? This is a difficult question because there are several processes that remove carbon dioxide from the atmosphere. From 65% to 80% of the CO2 that is released into the air dissolves into the ocean over a period of 50-200 years. The rest is removed over several hundred thousand years. According to the IPCC Fourth Assessment Report, about 50% of CO2 increase will be removed from the atmosphere within 30 years, another 30% will be removed within a few centuries and the remaining 20% may stay in the atmosphere for thousands of years. This means that if we could stop carbon dioxide emissions tomorrow, the carbon dioxide in the atmosphere would continue to warm the climate for thousands of years. Methane (CH4), by contrast, persists for about 12 years. Thus, even though methane is 26 times more potent than carbon dioxide, its effect is relatively short-lived. Furthermore, methane has increased from 700 ppb in 1750 to 1893 ppb today; notice that is parts per billion, not parts per million.

If the emissions of carbon dioxide into the atmosphere are causing global warming, how much will the earth warm up by the year 2100? This depends upon how many billions of tons of carbon dioxide are being emitted into the atmosphere. As a general rule, about 1 trillion tons of additional carbon dioxide in the atmosphere (actually 975 billion) will translate to about 125 ppm of additional carbon dioxide. Also, 125 ppm of additional carbon dioxide translates to about 1.8 °F (1 °C) in global warming. This can be verified by the fact that pre-industrial carbon dioxide was about 280 ppm and is now about 405 ppm. During this period, the planet warmed up about 1 °C.

Scientists have measured the amount of atmospheric carbon dioxide which corresponds to 1 ppm and have found that this corresponds to 7.8 billion metric tons of CO2 in the atmosphere. Therefore, in order to increase the global temperature by 1 °C, you would need 125 x 7.8 billion or 975 billion metric tons of carbon dioxide. A metric ton equals 1,000 kilograms (or 2.2 x 1,000 = 2,200 pounds); the U.S. is the only country in the world that does not use the metric ton. In 2016, the world pumped 36.1 billion metric tons (or 39.8 U.S. Gt) of carbon dioxide into the atmosphere. The average per capita emission of carbon dioxide is 7 metric tons per person per year. In the year 2100, there will be about 11 billion people. Therefore, in 2100, in a business-as-usual scenario, we can expect the world to emit 11 x 7 or 77 billion metric tons into the atmosphere per year or an average of 56.5 billion tons for the next 80 years, i.e., an accumulation of 4.52 trillion tons of CO2 by 2300.  Less 25% (1.13 Tt) due to carbon sinks (the oceans are almost saturated with CO2), the world will have an accumulation of 3.4Tt (4.52 – 1.13) of carbon in the atmosphere. Dividing 3.4 trillion tons of CO2 by 975 million = 3.48 °C (6.26 °F).  This means that the world will be 6.26 °F warmer in 2100 than it was in 2020.

The rise in sea level comes from two distinct processes: water expansions (3.3 feet) due to the added 6.26 °F of increased temperature and melting ice, mainly from Greenland (.41 feet) and the Antarctica (.2 feet) or 3.91 total feet by 2100, as well as increased extraction of groundwater due to irrigation.   Although we do not usually notice it, water expands very slightly as it gets warmer. The second and potentially greater contribution to rising sea level comes from the melting of glacial ice. Antarctica has 90% of the ice, Greenland has 9% of the ice (2,931 trillion tons of ice) and the remaining 1% is tied up in continental glaciers, which except for the Himalayas will all melt by 2100.  If Greenland completely melts, it will raise the sea level by about 24 feet (7.2 meters).  If the Antarctica completely melts, it will add 200 feet (or 60 meters) to the sea level rise.   

In the year 2100, I predict that fossil fuels will be almost depleted (coal may last until 2150) and that the temperature rise will level off. My model predicts that Greenland will be losing about 500 Gt of ice per year until the end of the century, resulting in about 0.41 feet of sea level rise by 2100.  In addition, the Antarctica will add another 0.2 feet of sea level rise. Adding this to the 3.3 feet for thermal warming results in a sea level rise of 3.9 feet.  Now add 2 feet due to melting of the West Antarctic Ice Sheet (WAIS) due to the collapse of the Pine Island and Thwaites glaciers and you have a 5.9 foot sea level rise by the end of the century.  NOAA (the National Oceanic and Atmospheric Administration) states that the oceans could rise 8 feet by 2100 under a worse-case scenario, namely a complete collapse of the WAIS.  

What effect would a 5.9 foot sea level rise have on the U.S.? Miami is one of the most vulnerable places to rising seas. About 2 million Americans would see their homes permanently flooded if sea levels rise just 3 feet. If the sea level rises 6 feet, 6 million Americans would see their homes permanently flooded. A new study predicts that as many as 13.1 million Americans in coastal areas will have to relocate by 2100 if the sea level rises 5.9 feet (1.8 meters), which is what I expect to be the most likely scenario.

In addition to sea-level rise, global warming is contributing to increases in the spread of insect-borne illnesses and crop-damaging pests. For example, diseases such as Zika, dengue fever and chikungunya are transmitted by mosquitoes, which pick up these diseases by biting infected people and then spreading them to other people through subsequent bites. Research has shown that warmer temperatures shorten the incubation period, which means the disease can spread more rapidly. Warmer temperatures also tend to increase the geographic range of insects.

Global warming also translates into more extreme weather events because higher temperatures mean an increase in energy in the atmosphere and oceans; energy is what drives weather. While we cannot attribute any particular storm to global warming, we can tie an overall trend to global warming. It makes logical sense that warm ocean waters give birth to more intense weather. Generally, hurricanes cannot survive for long over sea surfaces that are cooler than about 79 °F (26 °C). The longer the ocean waters stay above 79 °F, the more opportunity there is for a hurricane to blossom.

Lastly, global warming will result in more droughts, floods and water scarcity.  Demand for water has tripled during the past 50 years. Currently a half billion people live in a water-stressed country. By 2025, that number is expected to increase to about 3 billion. The vast majority of fresh water, about 70%, is used for agriculture. On the U.S. East Coast, much of the water supply comes from surface water, whereas most of the Midwest gets its water supply from a combination of surface waters and well water. The well water comes from underground aquifers such as the Ogallala Aquifer. At present rates of withdrawal, parts of the Ogallala Aquifer water will be available for irrigation for only another 10 to 20 years.",greenhouse effect concerned infrared radiation given earth suns radiation basically passes oxygen nitrogen earths atmosphere lands earths surface absorbed reflected atmosphere radiation bounces greenhouse gases returns absorbed earth greenhouses gases ghgs water vapor ho carbon dioxide nitrous oxide methane ch long does remain atmosphere difficult question processes remove carbon dioxide atmosphere released air dissolves ocean period years rest removed thousand years according ipcc fourth assessment report increase removed atmosphere years removed centuries remaining stay atmosphere thousands years means stop carbon dioxide emissions tomorrow carbon dioxide atmosphere continue warm climate thousands years methane ch contrast persists years methane times potent carbon dioxide effect relatively shortlived furthermore methane increased ppb ppb today notice parts billion parts million emissions carbon dioxide atmosphere causing global warming earth warm year depends billions tons carbon dioxide emitted atmosphere general rule trillion tons additional carbon dioxide atmosphere actually billion translate ppm additional carbon dioxide ppm additional carbon dioxide translates f c global warming verified fact preindustrial carbon dioxide ppm ppm period planet warmed c scientists measured atmospheric carbon dioxide corresponds ppm corresponds billion metric tons atmosphere order increase global temperature c need x billion billion metric tons carbon dioxide metric ton equals kilograms x pounds country world does use metric ton world pumped billion metric tons gt carbon dioxide atmosphere average capita emission carbon dioxide metric tons person year year billion people businessasusual scenario expect world emit x billion metric tons atmosphere year average billion tons years accumulation trillion tons tt carbon sinks oceans saturated world accumulation tt carbon atmosphere dividing trillion tons million c f means world f warmer rise sea level comes distinct processes water expansions feet added f increased temperature melting ice mainly greenland feet antarctica feet total feet increased extraction groundwater irrigation usually notice water expands slightly gets warmer second potentially greater contribution rising sea level comes melting glacial ice antarctica ice greenland ice trillion tons ice remaining tied continental glaciers himalayas melt greenland completely melts raise sea level feet meters antarctica completely melts add feet meters sea level rise year predict fossil fuels depleted coal temperature rise level model predicts greenland losing gt ice year end century resulting feet sea level rise addition antarctica add feet sea level rise adding feet thermal warming results sea level rise feet add feet melting west antarctic ice sheet wais collapse pine island thwaites glaciers foot sea level rise end century noaa national oceanic atmospheric administration states oceans rise feet worsecase scenario complete collapse wais effect foot sea level rise miami vulnerable places rising seas million americans homes permanently flooded sea levels rise just feet sea level rises feet million americans homes permanently flooded new study predicts million americans coastal areas relocate sea level rises feet meters expect likely scenario addition sealevel rise global warming contributing increases spread insectborne illnesses cropdamaging pests example diseases zika dengue fever chikungunya transmitted mosquitoes pick diseases biting infected people spreading people subsequent bites research shown warmer temperatures shorten incubation period means disease spread rapidly warmer temperatures tend increase geographic range insects global warming translates extreme weather events higher temperatures mean increase energy atmosphere oceans energy drives weather attribute particular storm global warming tie overall trend global warming makes logical sense warm ocean waters birth intense weather generally hurricanes survive long sea surfaces cooler f c longer ocean waters stay f opportunity hurricane blossom lastly global warming result droughts floods water scarcity demand water tripled past years currently half billion people live waterstressed country number expected increase billion vast majority fresh water used agriculture east coast water supply comes surface water midwest gets water supply combination surface waters water water comes underground aquifers ogallala aquifer present rates withdrawal parts ogallala aquifer water available irrigation years,Positive
3,Vote,vote,Neutral
0,"Msfloodprevention.com
Save lives and land",msfloodpreventioncom save lives land,Neutral
28,I can’t help but notice the hot spots on the world map are where there are not very many thermometers. Isn’t this world-wide temperature map generated by models that fill in the areas without data?,help notice hot spots world map thermometers isnt worldwide temperature map generated models areas data,Positive
12,"This is becoming a trend, for those that are not paying attention 🫣",trend paying attention,Neutral
0,Good game forfeit at 2024,good game forfeit,Positive
0,"does the solar maximum affect 
the earth's core in any way -
or just the atmosphere & weather",does solar maximum affect earths core way just atmosphere weather,Neutral
24,Ok but what about like the 5 billion years before that? I’m sure there’s been times when it was even hotter or even colder. 🙄 Stop twist things to fit the narrative.,ok like billion years im sure theres times hotter colder stop twist things fit narrative,Positive
20,"So much denial propaganda from those who don't understand basic science...

They are part of the threat to life through their ignorance and selfishness...",denial propaganda dont understand basic science threat life ignorance selfishness,Negative
0,"Not every day of course, but we've been having really beautiful summer days here in Ventura County this December.",day course weve having really beautiful summer days ventura county december,Positive
9,Caused by human activities is the biggest lie. Get outta here NASA climate change.,caused human activities biggest lie outta nasa climate change,Neutral
3,And the denialists and conspiracists show up every time.,denialists conspiracists time,Neutral
10,"Our government promotes fear for funding, if your young, live your lives free of this nonsense….",government promotes fear funding young live lives free nonsense,Positive
14,"One thing is common among climate change deniers, low intelligence. Seen clearly in this comment section.",thing common climate change deniers low intelligence seen clearly comment section,Negative
3,"If you can’t give me a basic description about the laws of thermodynamics in closed systems, nothing crazy…just a general overview of each of the laws and how they apply to earths systems….just off the top of your head.

I will not listen to you about your opinion on climate change.
These self proclaimed critical thinkers that think they understand the complexities that is climate change crack me up",basic description laws thermodynamics closed systems crazyjust general overview laws apply earths systemsjust head listen opinion climate change self proclaimed critical thinkers think understand complexities climate change crack,Negative
17,"From another site

The climate change hoax has collapsed. A devastating series of research papers has just been published, revealing that human activity can account for no more than a .01°C rise in global temperatures, meaning that all the human activity targeted by radical climate change alarmists — combustion engines, airplane flights, diesel tractors — has virtually no measurable impact on the temperature of the planet.

Finnish scientists spearheaded the research, releasing a paper entitled, “No Experimental Evidence for the Significant Anthropogenic Climate Change.”

This is further supported by researchers at Kobe University in Japan who published a nearly simultaneous paper that reveals how changes in our planet’s magnetic field govern the intensity of solar radiation that reaches the lower atmosphere, causing cloud formation that alters global temperatures.hat study, published in Nature, is called, “Intensified East Asian winter monsoon during the last geomagnetic reversal transition.”",site climate change hoax collapsed devastating series research papers just published revealing human activity account c rise global temperatures meaning human activity targeted radical climate change alarmists combustion engines airplane flights diesel tractors virtually measurable impact temperature planet finnish scientists spearheaded research releasing paper entitled experimental evidence significant anthropogenic climate change supported researchers kobe university japan published nearly simultaneous paper reveals changes planets magnetic field govern intensity solar radiation reaches lower atmosphere causing cloud formation alters global temperatureshat study published nature called intensified east asian winter monsoon geomagnetic reversal transition,Negative
5,"and the solar flare high activity has nothing to do with the higher November temperatures? interesting..

The only human activity to cause huge impact on the planet and change was Nuclear testing and Hydrogen bomb's that have been hugely used and tested in the past but zero accountability by Governments of the world, Cfc's were the blame towards the hole in the Ozone but interestingly Nuclear testing in the most sensitive layers of the Atmosphere have happened with Nuclear testing in the Stratosphere. It's all a huge sham with lack of accountability by the real parties responsible!",solar flare high activity higher november temperatures interesting human activity cause huge impact planet change nuclear testing hydrogen bombs hugely used tested past zero accountability governments world cfcs blame hole ozone interestingly nuclear testing sensitive layers atmosphere happened nuclear testing stratosphere huge sham lack accountability real parties responsible,Positive
6,I love this weather couldn't have a better winter unless it was 70 would love that too,love weather better winter unless love,Positive
7,"That normal because we are entering 12000 cycle. It happened before, mammoths extinguished så, neanderthals, Atlantis, Ice age, Great flood,... Men they all had healthy ocean som cooled down the planet and helped that few thousand people survived. Not we. From december 2024 we will be unable to stop changes and protect ourselves.",normal entering cycle happened mammoths extinguished s neanderthals atlantis ice age great flood men healthy ocean som cooled planet helped thousand people survived december unable stop changes protect,Positive
0,"We forgot a huge informations about climatic changment, the time it take to do à full Day. 

This is the most important informations that need to be added to all calculation as it easy to understand that climat change are 100% normal... if you put a chiken to heat at 200f for 18h or put 200f 12h what the change in the condition of the Meat ? They did not receive the same heat périod, well same as earth does heat more in time now then climate getting burn more long in time",forgot huge informations climatic changment time day important informations need added calculation easy understand climat change normal chiken heat f h f h change condition meat did receive heat priod earth does heat time climate getting burn long time,Positive
1,I thought we are having an El Niño,thought having el nio,Neutral
4,John Kerry to the rescue with his private jet.,john kerry rescue private jet,Neutral
6,This is what happens when politicians are in charge of climate policy instead of scientists.,happens politicians charge climate policy instead scientists,Neutral
18,NASA is a reliable source ; I really dont understand how people can be so ignorant...,nasa reliable source really dont understand people ignorant,Positive
0,"La tendencia del calentamiento se mantiene, genera incertidumbre y preocupación, superaremos la meta del 1.5 C. no hay duda.",la tendencia del calentamiento se mantiene genera incertidumbre y preocupacin superaremos la meta del c hay duda,Neutral
1,I wonder if over population has anything to do with this ?.,wonder population,Neutral
1,Did the Canadian wilfires have an effect?,did canadian wilfires effect,Neutral
0,Vielleicht ist ja die Nordhalbkugel zZ etwas mehr der Sonne zugeneigt ❗️,vielleicht ist ja die nordhalbkugel zz etwas mehr der sonne zugeneigt,Neutral
0,My friend Ben Ben thinks climate change is a hoax and thinks all the scientists who study it are corrupted by? Big climate? Dunno.,friend ben ben thinks climate change hoax thinks scientists study corrupted big climate dunno,Neutral
4,What agenda is NASA pushing now?,agenda nasa pushing,Neutral
6,Joe has it all figured out how to fix it.,joe figured fix,Neutral
34,"Everyone knows what's going to happen, why it's happening,  what to do and how to make a change yet we are moving faster towards the catastrophic future.",knows whats going happen happening make change moving faster catastrophic future,Neutral
0,oooooohot….oooooobad,oooooohotoooooobad,Neutral
0,"The “greenhouse effect” is concerned with the infrared radiation given off by the earth. The sun’s radiation basically passes through the oxygen and nitrogen in the earth’s atmosphere and lands on the earth’s surface, where 70% of it is absorbed; 30% is reflected back into the atmosphere. Part of this radiation bounces off the greenhouse gases and returns to be absorbed by earth. The greenhouses gases (GHGs) are water vapor (H2O), carbon dioxide (CO2), nitrous oxide (NO2) and methane (CH4).

How long does CO2 remain in the atmosphere? This is a difficult question because there are several processes that remove carbon dioxide from the atmosphere. From 65% to 80% of the CO2 that is released into the air dissolves into the ocean over a period of 50-200 years. The rest is removed over several hundred thousand years. According to the IPCC Fourth Assessment Report, about 50% of CO2 increase will be removed from the atmosphere within 30 years, another 30% will be removed within a few centuries and the remaining 20% may stay in the atmosphere for thousands of years. This means that if we could stop carbon dioxide emissions tomorrow, the carbon dioxide in the atmosphere would continue to warm the climate for thousands of years. Methane (CH4), by contrast, persists for about 12 years. Thus, even though methane is 26 times more potent than carbon dioxide, its effect is relatively short-lived. Furthermore, methane has increased from 700 ppb in 1750 to 1893 ppb today; notice that is parts per billion, not parts per million.

If the emissions of carbon dioxide into the atmosphere are causing global warming, how much will the earth warm up by the year 2100? This depends upon how many billions of tons of carbon dioxide are being emitted into the atmosphere. As a general rule, about 1 trillion tons of additional carbon dioxide in the atmosphere (actually 975 billion) will translate to about 125 ppm of additional carbon dioxide. Also, 125 ppm of additional carbon dioxide translates to about 1.8 °F (1 °C) in global warming. This can be verified by the fact that pre-industrial carbon dioxide was about 280 ppm and is now about 405 ppm. During this period, the planet warmed up about 1 °C.

Scientists have measured the amount of atmospheric carbon dioxide which corresponds to 1 ppm and have found that this corresponds to 7.8 billion metric tons of CO2 in the atmosphere. Therefore, in order to increase the global temperature by 1 °C, you would need 125 x 7.8 billion or 975 billion metric tons of carbon dioxide. A metric ton equals 1,000 kilograms (or 2.2 x 1,000 = 2,200 pounds); the U.S. is the only country in the world that does not use the metric ton. In 2016, the world pumped 36.1 billion metric tons (or 39.8 U.S. Gt) of carbon dioxide into the atmosphere. The average per capita emission of carbon dioxide is 7 metric tons per person per year. In the year 2100, there will be about 11 billion people. Therefore, in 2100, in a business-as-usual scenario, we can expect the world to emit 11 x 7 or 77 billion metric tons into the atmosphere per year or an average of 56.5 billion tons for the next 80 years, i.e., an accumulation of 4.52 trillion tons of CO2 by 2300.  Less 25% (1.13 Tt) due to carbon sinks (the oceans are almost saturated with CO2), the world will have an accumulation of 3.4Tt (4.52 – 1.13) of carbon in the atmosphere. Dividing 3.4 trillion tons of CO2 by 975 million = 3.48 °C (6.26 °F).  This means that the world will be 6.26 °F warmer in 2100 than it was in 2020.

The rise in sea level comes from two distinct processes: water expansions (3.3 feet) due to the added 6.26 °F of increased temperature and melting ice, mainly from Greenland (.41 feet) and the Antarctica (.2 feet) or 3.91 total feet by 2100, as well as increased extraction of groundwater due to irrigation.   Although we do not usually notice it, water expands very slightly as it gets warmer. The second and potentially greater contribution to rising sea level comes from the melting of glacial ice. Antarctica has 90% of the ice, Greenland has 9% of the ice (2,931 trillion tons of ice) and the remaining 1% is tied up in continental glaciers, which except for the Himalayas will all melt by 2100.  If Greenland completely melts, it will raise the sea level by about 24 feet (7.2 meters).  If the Antarctica completely melts, it will add 200 feet (or 60 meters) to the sea level rise.   

In the year 2100, I predict that fossil fuels will be almost depleted (coal may last until 2150) and that the temperature rise will level off. My model predicts that Greenland will be losing about 500 Gt of ice per year until the end of the century, resulting in about 0.41 feet of sea level rise by 2100.  In addition, the Antarctica will add another 0.2 feet of sea level rise. Adding this to the 3.3 feet for thermal warming results in a sea level rise of 3.9 feet.  Now add 2 feet due to melting of the West Antarctic Ice Sheet (WAIS) due to the collapse of the Pine Island and Thwaites glaciers and you have a 5.9 foot sea level rise by the end of the century.  NOAA (the National Oceanic and Atmospheric Administration) states that the oceans could rise 8 feet by 2100 under a worse-case scenario, namely a complete collapse of the WAIS.  

What effect would a 5.9 foot sea level rise have on the U.S.? Miami is one of the most vulnerable places to rising seas. About 2 million Americans would see their homes permanently flooded if sea levels rise just 3 feet. If the sea level rises 6 feet, 6 million Americans would see their homes permanently flooded. A new study predicts that as many as 13.1 million Americans in coastal areas will have to relocate by 2100 if the sea level rises 5.9 feet (1.8 meters), which is what I expect to be the most likely scenario.

In addition to sea-level rise, global warming is contributing to increases in the spread of insect-borne illnesses and crop-damaging pests. For example, diseases such as Zika, dengue fever and chikungunya are transmitted by mosquitoes, which pick up these diseases by biting infected people and then spreading them to other people through subsequent bites. Research has shown that warmer temperatures shorten the incubation period, which means the disease can spread more rapidly. Warmer temperatures also tend to increase the geographic range of insects.

Global warming also translates into more extreme weather events because higher temperatures mean an increase in energy in the atmosphere and oceans; energy is what drives weather. While we cannot attribute any particular storm to global warming, we can tie an overall trend to global warming. It makes logical sense that warm ocean waters give birth to more intense weather. Generally, hurricanes cannot survive for long over sea surfaces that are cooler than about 79 °F (26 °C). The longer the ocean waters stay above 79 °F, the more opportunity there is for a hurricane to blossom.

Lastly, global warming will result in more droughts, floods and water scarcity.  Demand for water has tripled during the past 50 years. Currently a half billion people live in a water-stressed country. By 2025, that number is expected to increase to about 3 billion. The vast majority of fresh water, about 70%, is used for agriculture. On the U.S. East Coast, much of the water supply comes from surface water, whereas most of the Midwest gets its water supply from a combination of surface waters and well water. The well water comes from underground aquifers such as the Ogallala Aquifer. At present rates of withdrawal, parts of the Ogallala Aquifer water will be available for irrigation for only another 10 to 20 years.",greenhouse effect concerned infrared radiation given earth suns radiation basically passes oxygen nitrogen earths atmosphere lands earths surface absorbed reflected atmosphere radiation bounces greenhouse gases returns absorbed earth greenhouses gases ghgs water vapor ho carbon dioxide nitrous oxide methane ch long does remain atmosphere difficult question processes remove carbon dioxide atmosphere released air dissolves ocean period years rest removed thousand years according ipcc fourth assessment report increase removed atmosphere years removed centuries remaining stay atmosphere thousands years means stop carbon dioxide emissions tomorrow carbon dioxide atmosphere continue warm climate thousands years methane ch contrast persists years methane times potent carbon dioxide effect relatively shortlived furthermore methane increased ppb ppb today notice parts billion parts million emissions carbon dioxide atmosphere causing global warming earth warm year depends billions tons carbon dioxide emitted atmosphere general rule trillion tons additional carbon dioxide atmosphere actually billion translate ppm additional carbon dioxide ppm additional carbon dioxide translates f c global warming verified fact preindustrial carbon dioxide ppm ppm period planet warmed c scientists measured atmospheric carbon dioxide corresponds ppm corresponds billion metric tons atmosphere order increase global temperature c need x billion billion metric tons carbon dioxide metric ton equals kilograms x pounds country world does use metric ton world pumped billion metric tons gt carbon dioxide atmosphere average capita emission carbon dioxide metric tons person year year billion people businessasusual scenario expect world emit x billion metric tons atmosphere year average billion tons years accumulation trillion tons tt carbon sinks oceans saturated world accumulation tt carbon atmosphere dividing trillion tons million c f means world f warmer rise sea level comes distinct processes water expansions feet added f increased temperature melting ice mainly greenland feet antarctica feet total feet increased extraction groundwater irrigation usually notice water expands slightly gets warmer second potentially greater contribution rising sea level comes melting glacial ice antarctica ice greenland ice trillion tons ice remaining tied continental glaciers himalayas melt greenland completely melts raise sea level feet meters antarctica completely melts add feet meters sea level rise year predict fossil fuels depleted coal temperature rise level model predicts greenland losing gt ice year end century resulting feet sea level rise addition antarctica add feet sea level rise adding feet thermal warming results sea level rise feet add feet melting west antarctic ice sheet wais collapse pine island thwaites glaciers foot sea level rise end century noaa national oceanic atmospheric administration states oceans rise feet worsecase scenario complete collapse wais effect foot sea level rise miami vulnerable places rising seas million americans homes permanently flooded sea levels rise just feet sea level rises feet million americans homes permanently flooded new study predicts million americans coastal areas relocate sea level rises feet meters expect likely scenario addition sealevel rise global warming contributing increases spread insectborne illnesses cropdamaging pests example diseases zika dengue fever chikungunya transmitted mosquitoes pick diseases biting infected people spreading people subsequent bites research shown warmer temperatures shorten incubation period means disease spread rapidly warmer temperatures tend increase geographic range insects global warming translates extreme weather events higher temperatures mean increase energy atmosphere oceans energy drives weather attribute particular storm global warming tie overall trend global warming makes logical sense warm ocean waters birth intense weather generally hurricanes survive long sea surfaces cooler f c longer ocean waters stay f opportunity hurricane blossom lastly global warming result droughts floods water scarcity demand water tripled past years currently half billion people live waterstressed country number expected increase billion vast majority fresh water used agriculture east coast water supply comes surface water midwest gets water supply combination surface waters water water comes underground aquifers ogallala aquifer present rates withdrawal parts ogallala aquifer water available irrigation years,Positive
0,And?..,,Neutral
0,Move the thermometer back to where it was then .. not on tarmac,thermometer tarmac,Neutral
0,What is the reason of this global augmentation of temperature?,reason global augmentation temperature,Neutral
0,"After Human extinction, carbon in the atmosphere will vanish and the Earth will return to whatever climate trends would have happened without us.",human extinction carbon atmosphere vanish earth return climate trends happened,Neutral
21,November and December has been the coldest ever in Sweden. We had snow since middle of November and getting -10°C,november december coldest sweden snow middle november getting c,Neutral
4,"Back in the 90s, we used to wear sweaters on christmas here in Honduras.
Now its so hot we need to be inside a room with AC.

The world has changed… 
It can get over 110F over here. Something unprecedented in the 90s.",s used wear sweaters christmas honduras hot need inside room ac world changed f unprecedented s,Positive
2,Edward Motzi This sounds like you:,edward motzi sounds like,Neutral
0,",there's still plenty of  flat earthers around.",theres plenty flat earthers,Negative
2,It's all happened before.,happened,Neutral
0,Y cada año será más caliente,y cada ao ser ms caliente,Neutral
0,😅🖕,,Neutral
0,There is no time 🌤️,time,Neutral
0,Heavy rain Heiker Mendozaa,heavy rain heiker mendozaa,Negative
3,"The “greenhouse effect” is concerned with the infrared radiation given off by the earth. The sun’s radiation basically passes through the oxygen and nitrogen in the earth’s atmosphere and lands on the earth’s surface, where 70% of it is absorbed; 30% is reflected back into the atmosphere. Part of this radiation bounces off the greenhouse gases and returns to be absorbed by earth. The greenhouses gases (GHGs) are water vapor (H2O), carbon dioxide (CO2), nitrous oxide (NO2) and methane (CH4).

How long does CO2 remain in the atmosphere? This is a difficult question because there are several processes that remove carbon dioxide from the atmosphere. From 65% to 80% of the CO2 that is released into the air dissolves into the ocean over a period of 50-200 years. The rest is removed over several hundred thousand years. According to the IPCC Fourth Assessment Report, about 50% of CO2 increase will be removed from the atmosphere within 30 years, another 30% will be removed within a few centuries and the remaining 20% may stay in the atmosphere for thousands of years. This means that if we could stop carbon dioxide emissions tomorrow, the carbon dioxide in the atmosphere would continue to warm the climate for thousands of years. Methane (CH4), by contrast, persists for about 12 years. Thus, even though methane is 26 times more potent than carbon dioxide, its effect is relatively short-lived. Furthermore, methane has increased from 700 ppb in 1750 to 1893 ppb today; notice that is parts per billion, not parts per million.

If the emissions of carbon dioxide into the atmosphere are causing global warming, how much will the earth warm up by the year 2100? This depends upon how many billions of tons of carbon dioxide are being emitted into the atmosphere. As a general rule, about 1 trillion tons of additional carbon dioxide in the atmosphere (actually 975 billion) will translate to about 125 ppm of additional carbon dioxide. Also, 125 ppm of additional carbon dioxide translates to about 1.8 °F (1 °C) in global warming. This can be verified by the fact that pre-industrial carbon dioxide was about 280 ppm and is now about 405 ppm. During this period, the planet warmed up about 1 °C.

Scientists have measured the amount of atmospheric carbon dioxide which corresponds to 1 ppm and have found that this corresponds to 7.8 billion metric tons of CO2 in the atmosphere. Therefore, in order to increase the global temperature by 1 °C, you would need 125 x 7.8 billion or 975 billion metric tons of carbon dioxide. A metric ton equals 1,000 kilograms (or 2.2 x 1,000 = 2,200 pounds); the U.S. is the only country in the world that does not use the metric ton. In 2016, the world pumped 36.1 billion metric tons (or 39.8 U.S. Gt) of carbon dioxide into the atmosphere. The average per capita emission of carbon dioxide is 7 metric tons per person per year. In the year 2100, there will be about 11 billion people. Therefore, in 2100, in a business-as-usual scenario, we can expect the world to emit 11 x 7 or 77 billion metric tons into the atmosphere per year or an average of 56.5 billion tons for the next 80 years, i.e., an accumulation of 4.52 trillion tons of CO2 by 2300.  Less 25% (1.13 Tt) due to carbon sinks (the oceans are almost saturated with CO2), the world will have an accumulation of 3.4Tt (4.52 – 1.13) of carbon in the atmosphere. Dividing 3.4 trillion tons of CO2 by 975 million = 3.48 °C (6.26 °F).  This means that the world will be 6.26 °F warmer in 2100 than it was in 2020.

The rise in sea level comes from two distinct processes: water expansions (3.3 feet) due to the added 6.26 °F of increased temperature and melting ice, mainly from Greenland (.41 feet) and the Antarctica (.2 feet) or 3.91 total feet by 2100, as well as increased extraction of groundwater due to irrigation.   Although we do not usually notice it, water expands very slightly as it gets warmer. The second and potentially greater contribution to rising sea level comes from the melting of glacial ice. Antarctica has 90% of the ice, Greenland has 9% of the ice (2,931 trillion tons of ice) and the remaining 1% is tied up in continental glaciers, which except for the Himalayas will all melt by 2100.  If Greenland completely melts, it will raise the sea level by about 24 feet (7.2 meters).  If the Antarctica completely melts, it will add 200 feet (or 60 meters) to the sea level rise.   

In the year 2100, I predict that fossil fuels will be almost depleted (coal may last until 2150) and that the temperature rise will level off. My model predicts that Greenland will be losing about 500 Gt of ice per year until the end of the century, resulting in about 0.41 feet of sea level rise by 2100.  In addition, the Antarctica will add another 0.2 feet of sea level rise. Adding this to the 3.3 feet for thermal warming results in a sea level rise of 3.9 feet.  Now add 2 feet due to melting of the West Antarctic Ice Sheet (WAIS) due to the collapse of the Pine Island and Thwaites glaciers and you have a 5.9 foot sea level rise by the end of the century.  NOAA (the National Oceanic and Atmospheric Administration) states that the oceans could rise 8 feet by 2100 under a worse-case scenario, namely a complete collapse of the WAIS.  

What effect would a 5.9 foot sea level rise have on the U.S.? Miami is one of the most vulnerable places to rising seas. About 2 million Americans would see their homes permanently flooded if sea levels rise just 3 feet. If the sea level rises 6 feet, 6 million Americans would see their homes permanently flooded. A new study predicts that as many as 13.1 million Americans in coastal areas will have to relocate by 2100 if the sea level rises 5.9 feet (1.8 meters), which is what I expect to be the most likely scenario.

In addition to sea-level rise, global warming is contributing to increases in the spread of insect-borne illnesses and crop-damaging pests. For example, diseases such as Zika, dengue fever and chikungunya are transmitted by mosquitoes, which pick up these diseases by biting infected people and then spreading them to other people through subsequent bites. Research has shown that warmer temperatures shorten the incubation period, which means the disease can spread more rapidly. Warmer temperatures also tend to increase the geographic range of insects.

Global warming also translates into more extreme weather events because higher temperatures mean an increase in energy in the atmosphere and oceans; energy is what drives weather. While we cannot attribute any particular storm to global warming, we can tie an overall trend to global warming. It makes logical sense that warm ocean waters give birth to more intense weather. Generally, hurricanes cannot survive for long over sea surfaces that are cooler than about 79 °F (26 °C). The longer the ocean waters stay above 79 °F, the more opportunity there is for a hurricane to blossom.

Lastly, global warming will result in more droughts, floods and water scarcity.  Demand for water has tripled during the past 50 years. Currently a half billion people live in a water-stressed country. By 2025, that number is expected to increase to about 3 billion. The vast majority of fresh water, about 70%, is used for agriculture. On the U.S. East Coast, much of the water supply comes from surface water, whereas most of the Midwest gets its water supply from a combination of surface waters and well water. The well water comes from underground aquifers such as the Ogallala Aquifer. At present rates of withdrawal, parts of the Ogallala Aquifer water will be available for irrigation for only another 10 to 20 years.",greenhouse effect concerned infrared radiation given earth suns radiation basically passes oxygen nitrogen earths atmosphere lands earths surface absorbed reflected atmosphere radiation bounces greenhouse gases returns absorbed earth greenhouses gases ghgs water vapor ho carbon dioxide nitrous oxide methane ch long does remain atmosphere difficult question processes remove carbon dioxide atmosphere released air dissolves ocean period years rest removed thousand years according ipcc fourth assessment report increase removed atmosphere years removed centuries remaining stay atmosphere thousands years means stop carbon dioxide emissions tomorrow carbon dioxide atmosphere continue warm climate thousands years methane ch contrast persists years methane times potent carbon dioxide effect relatively shortlived furthermore methane increased ppb ppb today notice parts billion parts million emissions carbon dioxide atmosphere causing global warming earth warm year depends billions tons carbon dioxide emitted atmosphere general rule trillion tons additional carbon dioxide atmosphere actually billion translate ppm additional carbon dioxide ppm additional carbon dioxide translates f c global warming verified fact preindustrial carbon dioxide ppm ppm period planet warmed c scientists measured atmospheric carbon dioxide corresponds ppm corresponds billion metric tons atmosphere order increase global temperature c need x billion billion metric tons carbon dioxide metric ton equals kilograms x pounds country world does use metric ton world pumped billion metric tons gt carbon dioxide atmosphere average capita emission carbon dioxide metric tons person year year billion people businessasusual scenario expect world emit x billion metric tons atmosphere year average billion tons years accumulation trillion tons tt carbon sinks oceans saturated world accumulation tt carbon atmosphere dividing trillion tons million c f means world f warmer rise sea level comes distinct processes water expansions feet added f increased temperature melting ice mainly greenland feet antarctica feet total feet increased extraction groundwater irrigation usually notice water expands slightly gets warmer second potentially greater contribution rising sea level comes melting glacial ice antarctica ice greenland ice trillion tons ice remaining tied continental glaciers himalayas melt greenland completely melts raise sea level feet meters antarctica completely melts add feet meters sea level rise year predict fossil fuels depleted coal temperature rise level model predicts greenland losing gt ice year end century resulting feet sea level rise addition antarctica add feet sea level rise adding feet thermal warming results sea level rise feet add feet melting west antarctic ice sheet wais collapse pine island thwaites glaciers foot sea level rise end century noaa national oceanic atmospheric administration states oceans rise feet worsecase scenario complete collapse wais effect foot sea level rise miami vulnerable places rising seas million americans homes permanently flooded sea levels rise just feet sea level rises feet million americans homes permanently flooded new study predicts million americans coastal areas relocate sea level rises feet meters expect likely scenario addition sealevel rise global warming contributing increases spread insectborne illnesses cropdamaging pests example diseases zika dengue fever chikungunya transmitted mosquitoes pick diseases biting infected people spreading people subsequent bites research shown warmer temperatures shorten incubation period means disease spread rapidly warmer temperatures tend increase geographic range insects global warming translates extreme weather events higher temperatures mean increase energy atmosphere oceans energy drives weather attribute particular storm global warming tie overall trend global warming makes logical sense warm ocean waters birth intense weather generally hurricanes survive long sea surfaces cooler f c longer ocean waters stay f opportunity hurricane blossom lastly global warming result droughts floods water scarcity demand water tripled past years currently half billion people live waterstressed country number expected increase billion vast majority fresh water used agriculture east coast water supply comes surface water midwest gets water supply combination surface waters water water comes underground aquifers ogallala aquifer present rates withdrawal parts ogallala aquifer water available irrigation years,Positive
3,Bs,bs,Neutral
0,"At a rate of 10-20 breaths per minute, join the Indoor Air Quality movement. Stay informed with alerts, guiding you to leave areas with air pollution that may pose health risks over time. 
#InflationReductionAction
#EnergyReductionAction",rate breaths minute join indoor air quality movement stay informed alerts guiding leave areas air pollution pose health risks time inflationreductionaction energyreductionaction,Neutral
0,These turd stains think it’s funny.,turd stains think funny,Positive
1,Fake garbage nasa lies,fake garbage nasa lies,Negative
1,BS.,bs,Neutral
3,AGW is not linear. ,agw linear,Neutral
24,Cue The deniers screaming over this being  fake news,cue deniers screaming fake news,Negative
4,Note that the climb really starts in 1980 - exactly when China's massive industrial development began.,note climb really starts exactly chinas massive industrial development began,Positive
120,"You are being gas-lighted. Have any of you heard at any time how the science of global temperature is measured. Probably not, which is why its so easy for NASA to fool you. They believe it themselves its been so successful a campaign. You all look at weather which is chaotic and always has been, you just hear more about it so you think its a real problem. Appeal to authority is a logical fallacy and this subject is rife with it. Check out some of the opposing thought on the subject mostly by scientist that no longer have anything to lose, Professors emeritus, retired climate scientists, they tell the truth. The orbit of Jupiter has more to do with our climate than carbon, and the sun is the major factor along with water vapor. Plants die at 150 ppm carbon and 400 ppm is no big deal. We have had ice ages with carbon at 800ppm, Do your own research people. ",gaslighted heard time science global temperature measured probably easy nasa fool believe successful campaign look weather chaotic just hear think real problem appeal authority logical fallacy subject rife check opposing thought subject scientist longer lose professors emeritus retired climate scientists tell truth orbit jupiter climate carbon sun major factor water vapor plants die ppm carbon ppm big deal ice ages carbon ppm research people,Positive
4,To me it's just amazing to see how locked in the warming has been since 1980.  Like a turning point was hit in 1980.,just amazing locked warming like turning point hit,Positive
3,"That's one scary ""Graph"" Costume",thats scary graph costume,Negative
0,"NASA Climate Change Can you post graphics of industry revolution and the relation with CO2 emissions or Other gases that affect climate???
Regards",nasa climate change post graphics industry revolution relation emissions gases affect climate regards,Neutral
1,Yep! I remember cooler Halloweens!,yep remember cooler halloweens,Neutral
0,"When will we all agree to just stop burning stuff? Probably never, at least in my lifetime.",agree just stop burning stuff probably lifetime,Neutral
0,As soon as possible we should change our lifestyles .,soon possible change lifestyles,Neutral
1,I wish if I shared this I could also share all of your responses to the doubters in comments. They're brilliant!,wish shared share responses doubters comments theyre brilliant,Positive
0,Erin Haas Brassil check out the Anoka reference in the post for this NASA climate graph,erin haas brassil check anoka reference post nasa climate graph,Neutral
0,Scary! ,scary,Negative
3,"Our planet, and especially Earth's ecosystems, including humans, are experiencing constant threats to  extinction humanity, at first - climate crisis, pandemics, near Earth flying objects (e.g. Appophis and other asteroids), ozone layer destruction or magnetic field altering or weakening and so on.... not speaking already about techogenical catastrophs.... if people were thinking about that, would be very helphul for ourselves....but till now we have some sceptics, denying clear signs..",planet especially earths ecosystems including humans experiencing constant threats extinction humanity climate crisis pandemics near earth flying objects appophis asteroids ozone layer destruction magnetic field altering weakening speaking techogenical catastrophs people thinking helphul ourselvesbut till sceptics denying clear signs,Positive
34,"Here is what you need to know about Climate Change....No one can define it. It's a big scary phrase used to part you with your money...which when you come to think about it, everything is used to part you with your money. So you should have seen it coming.",need know climate changeno define big scary phrase used moneywhich come think used money seen coming,Negative
0,"What do we do?  Congress is negotiating away planet protections.  Oil and gas gluttons are winning the fight and we are just about out of time.  Want to remain hopeful, but it's getting tougher. What can we do?",congress negotiating away planet protections oil gas gluttons winning fight just time want remain hopeful getting tougher,Positive
1,A good visual representation of those memories that so many of us have of it being colder when we were growing up!,good visual representation memories colder growing,Positive
0,Jusst Jess,jusst jess,Neutral
0,"Carbon increases, oxygen decreases.

Is there a graph of nitrogen in the atmo?  Shame we can't use that for energy.",carbon increases oxygen decreases graph nitrogen atmo shame use energy,Neutral
0,The industrial revolution was the beginning of the end for the human species.,industrial revolution beginning end human species,Neutral
3,"Woah, NASA had the scariest Halloween post I’ve seen this year. ",woah nasa scariest halloween post ive seen year,Neutral
2,NASA Climate Change can surely drop the mic now! Bravo.,nasa climate change surely drop mic bravo,Positive
5,"At about 8243 B.P., there was a 3C rise in global surface temperature in less than a century, followed by an equally precipitous drop by 3C in less than a century. Has anybody ever explained that? (Petit et al., Nature, 1999, w/over 7,000 citations)

Then there was that retreat of the Laurentide glacier from the current location of Moraine, Ohio, that began about 23,000 years ago. What I want to know is, when we gain control of global surface temperature - a power we have never had - are we going to bring the glacial ice pack all the way back down to cover Dayton, or only enough to smother Canada?

Climate change gave us Canada. Don't hate Canada.

It also gave us Lake Erie, Niagara Falls, Nantucket, Martha's Vineyard, Cape Cod, the British Isles, Scandinavia, and Switzerland.

For the love of cheese and chocolate, don't hate Switzerland.

And if you're ever on Almenalp above the Kander Valley, just imagine Kandersteg under 1000 meters of pack ice as you look over to the alpine pasture on the opposite side.",bp c rise global surface temperature century followed equally precipitous drop c century anybody explained petit et al nature wover citations retreat laurentide glacier current location moraine ohio began years ago want know gain control global surface temperature power going bring glacial ice pack way cover dayton smother canada climate change gave canada dont hate canada gave lake erie niagara falls nantucket marthas vineyard cape cod british isles scandinavia switzerland love cheese chocolate dont hate switzerland youre almenalp kander valley just imagine kandersteg meters pack ice look alpine pasture opposite,Negative
2,"I am not blaming or deamoning industrialization. But western industrialization is the cause. Now we know the cause, kindly direct statement to causing nations to upgrade industrialization to 7.0 to accommodate climate improvement.",blaming deamoning industrialization western industrialization cause know cause kindly direct statement causing nations upgrade industrialization accommodate climate improvement,Positive
5,"Give up NASA, internet has liberated its “Google scientists” and they say you’re fake. So let us with our naturally warming flat earth. ",nasa internet liberated google scientists say youre fake let naturally warming flat earth,Negative
1,Fact !! During the 1950s houses built in miami and south Florida  had fireplaces . None do anymore but they are slowly being eliminated into new housing constructed the further north you go . ,fact s houses built miami south florida fireplaces anymore slowly eliminated new housing constructed north,Negative
19,Thanks for defining 'anomaly' in this context. It is tiresome to have to explain the term repeatedly for people who cannot be bothered to look it up.,thanks defining anomaly context tiresome explain term repeatedly people bothered look,Negative
0,The Mother Earth is in sorrow. Can we do something?,mother earth sorrow,Neutral
3,The evidence screams that we're on a collision course with a bad future IF we do not change asap. It's about time politicians get off their penguin asses and enforce changes to  industry to reverse this ominous trend.,evidence screams collision course bad future change asap time politicians penguin asses enforce changes industry reverse ominous trend,Negative
0,If it is a recurring cycle; why don’t we plan for it and be prepared for the destruction that comes.,recurring cycle dont plan prepared destruction comes,Neutral
0,So depressing,depressing,Negative
15,"""Do you remember the famous 97% study - that 97% of climate science supported the consensus on human-caused climate change? Well we have just published an update for 2012-2021 papers in the same journal, Environmental Research Letters. The figure is now... drumroll please...99.9%!""
https://news.cornell.edu/stories/2021/10/more-999-studies-agree-humans-caused-climate-change",remember famous study climate science supported consensus humancaused climate change just published update papers journal environmental research letters figure drumroll,Positive
37,"As Elizabeth Kolbert said in her book, ”The Sixth Extinction”  Man is doomed to be the sixth extinction if we do not act aggressively & immediately to address climate change!",elizabeth kolbert said book sixth extinction man doomed sixth extinction act aggressively immediately address climate change,Neutral
62,"Too bad we don’t see Oct 1821 or 1721, just keep going back and you will find the medieval warming period peak as high as we are now, back well before the little ice age.  #🏒",bad dont oct just going medieval warming period peak high little ice age,Negative
9,"Scary! This is a great graphic to remind everyone that correlation is not causality. We know that even though kids want Halloween to be warm, the advent of trick or treating and such wishes did not *cause global temperature rises since then. For that, we should consult the experts who know even more (was: far more) than what is shown in a single graph. (Edited for clarity)",scary great graphic remind correlation causality know kids want halloween warm advent trick treating wishes did cause global temperature rises consult experts know far shown single graph edited clarity,Positive
1,Wow! 100 years this year! I didn't know that.,wow years year didnt know,Positive
0,Jimmy Valmer ,jimmy valmer,Neutral
0,"You are a big lier.
The Earth is Flat.
The Weather warmnes is beacause of Harp, chemtrails, and...that you and your friends did.
Its not about weather its about CONTROL.
Its new enorm.",big lier earth flat weather warmnes beacause harp chemtrails andthat friends did weather control new enorm,Positive
1,"Small consolation, but it'll be in the high 60's as darkness falls where I live, so hopefully fewer folks will be burning wood and triggering asthma attacks and misery among young and old alike.",small consolation itll high s darkness falls live hopefully fewer folks burning wood triggering asthma attacks misery young old alike,Positive
126,I can only hope to someday attain the level of patience the person running NASA’s social media has.,hope someday attain level patience person running nasas social media,Positive
7,Great post NASA Climate Change. No doubt the fossil fuel trolls will soon be out in force.,great post nasa climate change doubt fossil fuel trolls soon force,Positive
17,Weather is not climate! Climate allows extremes in weather whether it is extreme heat or cold or extreme drought or extreme precipitation/snow.,weather climate climate allows extremes weather extreme heat cold extreme drought extreme precipitationsnow,Negative
8,"It's amazing that well educated people I know still claim the global warming of today is just sheer coincidense, hence continuing to hide their heads in the sand! Also they can't seem to get it into their heads that it's not so much about hot weather but more aboutEXTREME weather which we do have plenty of now.",amazing educated people know claim global warming today just sheer coincidense continuing hide heads sand heads hot weather aboutextreme weather plenty,Positive
43,"thank you for the research you do, and for sticking to the science when people want it politicize it.",thank research sticking science people want politicize,Neutral
0,Perhaps there are new lives being born who will have solutions to problems!,new lives born solutions problems,Positive
0,It's been getting warmer ever since the end of the little ice age. How surprising 😮 🙄,getting warmer end little ice age surprising,Positive
0,"What PPM were the CO2 levels in atmosphere about 50million years ago? 
I found a graph that claims ~1500ppm, just wanted to see if that's legit; though if the correlation with CO2 in atmosphere and global avg temp is anything to go by, it would explain why a large portion of life on earth was cold blooded, right?",ppm levels atmosphere million years ago graph claims ppm just wanted thats legit correlation atmosphere global avg temp explain large portion life earth cold blooded right,Negative
10,Do you have another graph for before 1880?I listened to Randall Carlson talk about historic temperatures and sea level changes. What is your source of information NASA goes to for such records?I'd like to compare his charts with NASAs. His charts go back around 13000 years ago.,graph listened randall carlson talk historic temperatures sea level changes source information nasa goes recordsid like compare charts nasas charts years ago,Neutral
38,"The deniers don’t realize that it may be 20 degrees colder here but it’s that much warmer somewhere else on the planet 
Thermal energy just doesn’t disappear",deniers dont realize degrees colder warmer planet thermal energy just doesnt disappear,Neutral
28,"NASA Climate Change how well were climate stations dispersed in 1880? What assumptions are made in terms of comparability of data from back then until now?

It does make much sense to post data points for individual months.",nasa climate change climate stations dispersed assumptions terms comparability data does make sense post data points individual months,Neutral
0,"Temperature increase was constantly rising up as the data suggest and extremes were more frequent. I hope they also include extremes too, maybe next extreme can be predicted.",temperature increase constantly rising data suggest extremes frequent hope include extremes maybe extreme predicted,Negative
1,"please....NASA Climate Change ........
    🗺🏅🌠 ......
    Every year, the world emits 51 billion tons of greenhouse gases into the atmosphere. To prevent a climate catastrophe, we need to reduce this number to zero by the year 2050, and we must act now to do so..This is a measure of the general consumption rate on the planet for the year 2022 AD.... .. Can you know the general consumption rate for the year 1960 AD...  ????? Thank you very much for the answer..... I love you all and wish you continued success...🗺📈📈📈📈📈📈🌡📈📈🚼📈📈📈📈🌐🌦🌦🌦🌦🌦🌦🌦🌦🌦🌦",pleasenasa climate change year world emits billion tons greenhouse gases atmosphere prevent climate catastrophe need reduce number zero year act sothis measure general consumption rate planet year ad know general consumption rate year ad thank answer love wish continued success,Positive
0,🇺🇸🌎,,Neutral
0,How at some stages like 1900 to 1920 temperature drops in the graph?,stages like temperature drops graph,Neutral
0,🙂🙂🙂,,Neutral
0,"The next time you're sitting in bumper to bumper traffic with cars lined further than you can see, and then realize that every car expels 6 pounds of carbon per gallon burned,   it adds up",time youre sitting bumper bumper traffic cars lined realize car expels pounds carbon gallon burned adds,Neutral
55,"To those who cite a very cold day as evidence against global warming, Stephen Colbert once said “..and world hunger is over because I just ate lunch”",cite cold day evidence global warming stephen colbert said world hunger just ate lunch,Negative
0,In our area of the country (Pa) a lot of the snow plowing people are Republican who have been against emissions laws. Karma is a b*tch!,area country pa lot snow plowing people republican emissions laws karma btch,Neutral
0,politicians keep your hands off our scientists well done NASA forreal ❤️‍🩹,politicians hands scientists nasa forreal,Neutral
3,"Funny how every winter after a big blizzard, the same clowns will use it as their ""proof"" global warming is not true. 

Unfortunately a significant percentage of Americans vehemently  deny the reality of human induced global warning, not based on facts but solely based on their political followings. 

The science denial of the Republican party is one of the biggest threats to our planet.",funny winter big blizzard clowns use proof global warming true unfortunately significant percentage americans vehemently deny reality human induced global warning based facts solely based political followings science denial republican party biggest threats planet,Positive
0,Men argue. Nature acts.,men argue nature acts,Neutral
0,Never seen loess spelled that way. Must be American spelling. 😉,seen loess spelled way american spelling,Neutral
1,"Despite amazing scientific research, not a single government in the world is prepared to address the problem of fossil fuel.",despite amazing scientific research single government world prepared address problem fossil fuel,Positive
1,"How can we bring students who are lacking skills up to speed on greenhouse gases & global warming? I made this graphics-rich resource for our ELA and SPED students, which then became requested by college prep & honors students - Starting from ""what is a greenhouse,"" we carefully move from one idea to the next, bringing all the students to where they need to be

https://kaiserscience.wordpress.com/biology-the-living-environment/human-impact-on-ecosystems/global-warming-and-greenhouse-gases/

After that (at this next link) I offer deeper, related resources:

https://kaiserscience.wordpress.com/biology-the-living-environment/human-impact-on-ecosystems/

* Human-caused atmospheric changes

* The Ozone layer and CFCs

* Global warming has not stopped

* Global warming Industry knew of climate change

* Global warming isn’t natural, and here’s how we know

* Climate skeptics are not like Galileo.

* Causes of the California wildfires

* The discovery of global warming - a full century ago

#globalwarming #climatechange #teachers #NGSS #STEM #Ecology",bring students lacking skills speed greenhouse gases global warming graphicsrich resource ela sped students requested college prep honors students starting greenhouse carefully idea bringing students need link offer deeper related resources humancaused atmospheric changes ozone layer cfcs global warming stopped global warming industry knew climate change global warming isnt natural heres know climate skeptics like galileo causes california wildfires discovery global warming century ago globalwarming climatechange teachers ngss stem ecology,Neutral
0,You’ve wrong. It’s been warming since the last ice age 20k years ago. And guess what? There will be another ice age one day. It’s a giant cycle.,youve wrong warming ice age k years ago guess ice age day giant cycle,Negative
0,"Wow, crazy stats.",wow crazy stats,Negative
0,How anyone can think we have had no impact on our environment is beyond ignorant.,think impact environment ignorant,Neutral
0,Subir un Grado es demasiado!,subir grado es demasiado,Neutral
0,"So if people are the cause, how do you explain why we still aren’t in the ice age…in fact if people cause climate change how do you explain any Ice age or recovery? 
… and since cold kills more people than warm, maybe a bit of global warming is a good thing…",people cause explain arent ice agein fact people cause climate change explain ice age recovery cold kills people warm maybe bit global warming good thing,Positive
1,"Weather is like the clothes you wear on a particular day.
Climate is the contents of your wardrobe",weather like clothes wear particular day climate contents wardrobe,Positive
0,Pourquoi prendre le mois de décembre ? Ok c'est l'hiver dans le nord mais c'est l'été dans le sud...,pourquoi prendre le mois dcembre ok cest lhiver dans le nord mais cest lt dans le sud,Positive
0,Nous accélérons toujours depuis 1990 ……,nous acclrons toujours depuis,Neutral
0,"Just because NASA can't say #HumanCausedGlobalWarming doesn't mean the self-exonerating pseudonyms like ""global warming"" or ""climate change"" land the bullseye. Institutional denialism.",just nasa say humancausedglobalwarming doesnt mean selfexonerating pseudonyms like global warming climate change land bullseye institutional denialism,Negative
1,"Started with the Industrial Age, 1880’s - and beyond.  And never in our planets history, has there been such a rapid and steady increase of such significant warming, as there has been since the beginning of the industrial age.  

One pandemic, which did not shut down the planet, but it drastically reduced the amount of carbon emissions drastically and noticeably.  The positive effects of that slowed down activity, were dramatic and instant.

Why can’t we just decide to have global ‘slow downs’ periodically.
Maybe one month out of every year?",started industrial age s planets history rapid steady increase significant warming beginning industrial age pandemic did shut planet drastically reduced carbon emissions drastically noticeably positive effects slowed activity dramatic instant just decide global slow downs periodically maybe month year,Positive
0,For you deniers I'm just going to say this in short ignorance isn't Bliss it just means you're ignorant honestly,deniers im just going say short ignorance isnt bliss just means youre ignorant honestly,Positive
0,So many Muppets trying to argue with scientists and satellite data hahaha,muppets trying argue scientists satellite data hahaha,Positive
0,I'll bet they were talking about a global cooling from 1880 - 1920!!!,ill bet talking global cooling,Negative
0,https://www.barnesandnoble.com/w/the-great-climate-change-debate-andy-may/1141019734,,Neutral
0,All fake numbers again,fake numbers,Negative
4,Many people do not understand some very basic facts. Weather is not climate.,people understand basic facts weather climate,Neutral
0,You people are absolutely nuts,people absolutely nuts,Positive
0,"The “greenhouse effect” is concerned with the infrared radiation given off by the earth. The sun’s radiation basically passes through the oxygen and nitrogen in the earth’s atmosphere and lands on the earth’s surface, where 70% of it is absorbed; 30% is reflected back into the atmosphere. Part of this radiation bounces off the greenhouse gases and returns to be absorbed by earth. The greenhouses gases (GHGs) are water vapor (H2O), carbon dioxide (CO2), nitrous oxide (NO2) and methane (CH4).

How long does CO2 remain in the atmosphere? This is a difficult question because there are several processes that remove carbon dioxide from the atmosphere. From 65% to 80% of the CO2 that is released into the air dissolves into the ocean over a period of 50-200 years. The rest is removed over several hundred thousand years. According to the IPCC Fourth Assessment Report, about 50% of CO2 increase will be removed from the atmosphere within 30 years, another 30% will be removed within a few centuries and the remaining 20% may stay in the atmosphere for thousands of years. This means that if we could stop carbon dioxide emissions tomorrow, the carbon dioxide in the atmosphere would continue to warm the climate for thousands of years. Methane (CH4), by contrast, persists for about 12 years. Thus, even though methane is 26 times more potent than carbon dioxide, its effect is relatively short-lived. Furthermore, methane has increased from 700 ppb in 1750 to 1893 ppb today; notice that is parts per billion, not parts per million.

If the emissions of carbon dioxide into the atmosphere are causing global warming, how much will the earth warm up by the year 2100? This depends upon how many billions of tons of carbon dioxide are being emitted into the atmosphere. As a general rule, about 1 trillion tons of additional carbon dioxide in the atmosphere (actually 975 billion) will translate to about 125 ppm of additional carbon dioxide. Also, 125 ppm of additional carbon dioxide translates to about 1.8 °F (1 °C) in global warming. This can be verified by the fact that pre-industrial carbon dioxide was about 280 ppm and is now about 405 ppm. During this period, the planet warmed up about 1 °C.

Scientists have measured the amount of atmospheric carbon dioxide which corresponds to 1 ppm and have found that this corresponds to 7.8 billion metric tons of CO2 in the atmosphere. Therefore, in order to increase the global temperature by 1 °C, you would need 125 x 7.8 billion or 975 billion metric tons of carbon dioxide. A metric ton equals 1,000 kilograms (or 2.2 x 1,000 = 2,200 pounds); the U.S. is the only country in the world that does not use the metric ton. In 2016, the world pumped 36.1 billion metric tons (or 39.8 U.S. Gt) of carbon dioxide into the atmosphere. The average per capita emission of carbon dioxide is 7 metric tons per person per year. In the year 2100, there will be about 11 billion people. Therefore, in 2100, in a business-as-usual scenario, we can expect the world to emit 11 x 7 or 77 billion metric tons into the atmosphere per year or an average of 56.5 billion tons for the next 80 years, i.e., an accumulation of 4.52 trillion tons of CO2 by 2300.  Less 25% (1.13 Tt) due to carbon sinks (the oceans are almost saturated with CO2), the world will have an accumulation of 3.4Tt (4.52 – 1.13) of carbon in the atmosphere. Dividing 3.4 trillion tons of CO2 by 975 million = 3.48 °C (6.26 °F).  This means that the world will be 6.26 °F warmer in 2100 than it was in 2020.

The rise in sea level comes from two distinct processes: water expansions (3.3 feet) due to the added 6.26 °F of increased temperature and melting ice, mainly from Greenland (.41 feet) and the Antarctica (.2 feet) or 3.91 total feet by 2100, as well as increased extraction of groundwater due to irrigation.   Although we do not usually notice it, water expands very slightly as it gets warmer. The second and potentially greater contribution to rising sea level comes from the melting of glacial ice. Antarctica has 90% of the ice, Greenland has 9% of the ice (2,931 trillion tons of ice) and the remaining 1% is tied up in continental glaciers, which except for the Himalayas will all melt by 2100.  If Greenland completely melts, it will raise the sea level by about 24 feet (7.2 meters).  If the Antarctica completely melts, it will add 200 feet (or 60 meters) to the sea level rise.   

In the year 2100, I predict that fossil fuels will be almost depleted (coal may last until 2150) and that the temperature rise will level off. My model predicts that Greenland will be losing about 500 Gt of ice per year until the end of the century, resulting in about 0.41 feet of sea level rise by 2100.  In addition, the Antarctica will add another 0.2 feet of sea level rise. Adding this to the 3.3 feet for thermal warming results in a sea level rise of 3.9 feet.  Now add 2 feet due to melting of the West Antarctic Ice Sheet (WAIS) due to the collapse of the Pine Island and Thwaites glaciers and you have a 5.9 foot sea level rise by the end of the century.  NOAA (the National Oceanic and Atmospheric Administration) states that the oceans could rise 8 feet by 2100 under a worse-case scenario, namely a complete collapse of the WAIS.  

What effect would a 5.9 foot sea level rise have on the U.S.? Miami is one of the most vulnerable places to rising seas. About 2 million Americans would see their homes permanently flooded if sea levels rise just 3 feet. If the sea level rises 6 feet, 6 million Americans would see their homes permanently flooded. A new study predicts that as many as 13.1 million Americans in coastal areas will have to relocate by 2100 if the sea level rises 5.9 feet (1.8 meters), which is what I expect to be the most likely scenario.

In addition to sea-level rise, global warming is contributing to increases in the spread of insect-borne illnesses and crop-damaging pests. For example, diseases such as Zika, dengue fever and chikungunya are transmitted by mosquitoes, which pick up these diseases by biting infected people and then spreading them to other people through subsequent bites. Research has shown that warmer temperatures shorten the incubation period, which means the disease can spread more rapidly. Warmer temperatures also tend to increase the geographic range of insects.

Global warming also translates into more extreme weather events because higher temperatures mean an increase in energy in the atmosphere and oceans; energy is what drives weather. While we cannot attribute any particular storm to global warming, we can tie an overall trend to global warming. It makes logical sense that warm ocean waters give birth to more intense weather. Generally, hurricanes cannot survive for long over sea surfaces that are cooler than about 79 °F (26 °C). The longer the ocean waters stay above 79 °F, the more opportunity there is for a hurricane to blossom.

Lastly, global warming will result in more droughts, floods and water scarcity.  Demand for water has tripled during the past 50 years. Currently a half billion people live in a water-stressed country. By 2025, that number is expected to increase to about 3 billion. The vast majority of fresh water, about 70%, is used for agriculture. On the U.S. East Coast, much of the water supply comes from surface water, whereas most of the Midwest gets its water supply from a combination of surface waters and well water. The well water comes from underground aquifers such as the Ogallala Aquifer. At present rates of withdrawal, parts of the Ogallala Aquifer water will be available for irrigation for only another 10 to 20 years.",greenhouse effect concerned infrared radiation given earth suns radiation basically passes oxygen nitrogen earths atmosphere lands earths surface absorbed reflected atmosphere radiation bounces greenhouse gases returns absorbed earth greenhouses gases ghgs water vapor ho carbon dioxide nitrous oxide methane ch long does remain atmosphere difficult question processes remove carbon dioxide atmosphere released air dissolves ocean period years rest removed thousand years according ipcc fourth assessment report increase removed atmosphere years removed centuries remaining stay atmosphere thousands years means stop carbon dioxide emissions tomorrow carbon dioxide atmosphere continue warm climate thousands years methane ch contrast persists years methane times potent carbon dioxide effect relatively shortlived furthermore methane increased ppb ppb today notice parts billion parts million emissions carbon dioxide atmosphere causing global warming earth warm year depends billions tons carbon dioxide emitted atmosphere general rule trillion tons additional carbon dioxide atmosphere actually billion translate ppm additional carbon dioxide ppm additional carbon dioxide translates f c global warming verified fact preindustrial carbon dioxide ppm ppm period planet warmed c scientists measured atmospheric carbon dioxide corresponds ppm corresponds billion metric tons atmosphere order increase global temperature c need x billion billion metric tons carbon dioxide metric ton equals kilograms x pounds country world does use metric ton world pumped billion metric tons gt carbon dioxide atmosphere average capita emission carbon dioxide metric tons person year year billion people businessasusual scenario expect world emit x billion metric tons atmosphere year average billion tons years accumulation trillion tons tt carbon sinks oceans saturated world accumulation tt carbon atmosphere dividing trillion tons million c f means world f warmer rise sea level comes distinct processes water expansions feet added f increased temperature melting ice mainly greenland feet antarctica feet total feet increased extraction groundwater irrigation usually notice water expands slightly gets warmer second potentially greater contribution rising sea level comes melting glacial ice antarctica ice greenland ice trillion tons ice remaining tied continental glaciers himalayas melt greenland completely melts raise sea level feet meters antarctica completely melts add feet meters sea level rise year predict fossil fuels depleted coal temperature rise level model predicts greenland losing gt ice year end century resulting feet sea level rise addition antarctica add feet sea level rise adding feet thermal warming results sea level rise feet add feet melting west antarctic ice sheet wais collapse pine island thwaites glaciers foot sea level rise end century noaa national oceanic atmospheric administration states oceans rise feet worsecase scenario complete collapse wais effect foot sea level rise miami vulnerable places rising seas million americans homes permanently flooded sea levels rise just feet sea level rises feet million americans homes permanently flooded new study predicts million americans coastal areas relocate sea level rises feet meters expect likely scenario addition sealevel rise global warming contributing increases spread insectborne illnesses cropdamaging pests example diseases zika dengue fever chikungunya transmitted mosquitoes pick diseases biting infected people spreading people subsequent bites research shown warmer temperatures shorten incubation period means disease spread rapidly warmer temperatures tend increase geographic range insects global warming translates extreme weather events higher temperatures mean increase energy atmosphere oceans energy drives weather attribute particular storm global warming tie overall trend global warming makes logical sense warm ocean waters birth intense weather generally hurricanes survive long sea surfaces cooler f c longer ocean waters stay f opportunity hurricane blossom lastly global warming result droughts floods water scarcity demand water tripled past years currently half billion people live waterstressed country number expected increase billion vast majority fresh water used agriculture east coast water supply comes surface water midwest gets water supply combination surface waters water water comes underground aquifers ogallala aquifer present rates withdrawal parts ogallala aquifer water available irrigation years,Positive
0,"Is CO2 Earth's Thermostat?
Carbon dioxide has little or nothing to do with global warming. CO2 Is currently traced at 400 ppm. That is one carbon-dioxide molecule for every 2500 parts of the atmosphere. Humans contribute only a scant 16 ppm, which is 4% of the total CO2 accumulated in a year. CO2 only holds heat for a few seconds, and there is not enough of it to drive climate change. It is thermodynamically impossible!
Also, bear in mind, that water vapor is the earth's most abundant and effective Greenhouse Gas. CO2 is only 5% of the earth's CHG. Water vapor is 95% of the earth's GHG and holds heat far longer than CO2.
Lastly, CO2 will increase only after temperatures rise (eg. El Nino) and oceans degas. Conversely, CO2 levels drop as temperatures cool. In other words, CO2 levels are influenced by heat or the lack thereof and therefore do not drive climate but follow climate.
Clearly, CO2 is actually a thermometer and not a thermostat!",earths thermostat carbon dioxide little global warming currently traced ppm carbondioxide molecule parts atmosphere humans contribute scant ppm total accumulated year holds heat seconds drive climate change thermodynamically impossible bear mind water vapor earths abundant effective greenhouse gas earths chg water vapor earths ghg holds heat far longer lastly increase temperatures rise el nino oceans degas conversely levels drop temperatures cool words levels influenced heat lack thereof drive climate follow climate clearly actually thermometer thermostat,Positive
0,https://www.facebook.com/reel/3246160055626064/,,Neutral
0,‘,,Neutral
0,Kevin Lay,kevin lay,Neutral
0,"Look at this phone case 
bit.ly/3XmDT8c
What do you think?",look phone case bitlyxmdtc think,Neutral
0,emen,emen,Neutral
0,‘Fact’[‘V-x’[![‘]]Ray]’y[2’]💯🎯✔️’💯🎯‼️’🎯💯‼️’,factvxrayy,Neutral
1,This is our fault,fault,Neutral
0,You show em!,em,Neutral
4,"The “greenhouse effect” is concerned with the infrared radiation given off by the earth. The sun’s radiation basically passes through the oxygen and nitrogen in the earth’s atmosphere and lands on the earth’s surface, where 70% of it is absorbed; 30% is reflected back into the atmosphere. Part of this radiation bounces off the greenhouse gases and returns to be absorbed by earth. The greenhouses gases (GHGs) are water vapor (H2O), carbon dioxide (CO2), nitrous oxide (NO2) and methane (CH4).

How long does CO2 remain in the atmosphere? This is a difficult question because there are several processes that remove carbon dioxide from the atmosphere. From 65% to 80% of the CO2 that is released into the air dissolves into the ocean over a period of 50-200 years. The rest is removed over several hundred thousand years. According to the IPCC Fourth Assessment Report, about 50% of CO2 increase will be removed from the atmosphere within 30 years, another 30% will be removed within a few centuries and the remaining 20% may stay in the atmosphere for thousands of years. This means that if we could stop carbon dioxide emissions tomorrow, the carbon dioxide in the atmosphere would continue to warm the climate for thousands of years. Methane (CH4), by contrast, persists for about 12 years. Thus, even though methane is 26 times more potent than carbon dioxide, its effect is relatively short-lived. Furthermore, methane has increased from 700 ppb in 1750 to 1893 ppb today; notice that is parts per billion, not parts per million.

If the emissions of carbon dioxide into the atmosphere are causing global warming, how much will the earth warm up by the year 2100? This depends upon how many billions of tons of carbon dioxide are being emitted into the atmosphere. As a general rule, about 1 trillion tons of additional carbon dioxide in the atmosphere (actually 975 billion) will translate to about 125 ppm of additional carbon dioxide. Also, 125 ppm of additional carbon dioxide translates to about 1.8 °F (1 °C) in global warming. This can be verified by the fact that pre-industrial carbon dioxide was about 280 ppm and is now about 405 ppm. During this period, the planet warmed up about 1 °C.

Scientists have measured the amount of atmospheric carbon dioxide which corresponds to 1 ppm and have found that this corresponds to 7.8 billion metric tons of CO2 in the atmosphere. Therefore, in order to increase the global temperature by 1 °C, you would need 125 x 7.8 billion or 975 billion metric tons of carbon dioxide. A metric ton equals 1,000 kilograms (or 2.2 x 1,000 = 2,200 pounds); the U.S. is the only country in the world that does not use the metric ton. In 2016, the world pumped 36.1 billion metric tons (or 39.8 U.S. Gt) of carbon dioxide into the atmosphere. The average per capita emission of carbon dioxide is 7 metric tons per person per year. In the year 2100, there will be about 11 billion people. Therefore, in 2100, in a business-as-usual scenario, we can expect the world to emit 11 x 7 or 77 billion metric tons into the atmosphere per year or an average of 56.5 billion tons for the next 80 years, i.e., an accumulation of 4.52 trillion tons of CO2 by 2300.  Less 25% (1.13 Tt) due to carbon sinks (the oceans are almost saturated with CO2), the world will have an accumulation of 3.4Tt (4.52 – 1.13) of carbon in the atmosphere. Dividing 3.4 trillion tons of CO2 by 975 million = 3.48 °C (6.26 °F).  This means that the world will be 6.26 °F warmer in 2100 than it was in 2020.

The rise in sea level comes from two distinct processes: water expansions (3.3 feet) due to the added 6.26 °F of increased temperature and melting ice, mainly from Greenland (.41 feet) and the Antarctica (.2 feet) or 3.91 total feet by 2100, as well as increased extraction of groundwater due to irrigation.   Although we do not usually notice it, water expands very slightly as it gets warmer. The second and potentially greater contribution to rising sea level comes from the melting of glacial ice. Antarctica has 90% of the ice, Greenland has 9% of the ice (2,931 trillion tons of ice) and the remaining 1% is tied up in continental glaciers, which except for the Himalayas will all melt by 2100.  If Greenland completely melts, it will raise the sea level by about 24 feet (7.2 meters).  If the Antarctica completely melts, it will add 200 feet (or 60 meters) to the sea level rise.   

In the year 2100, I predict that fossil fuels will be almost depleted (coal may last until 2150) and that the temperature rise will level off. My model predicts that Greenland will be losing about 500 Gt of ice per year until the end of the century, resulting in about 0.41 feet of sea level rise by 2100.  In addition, the Antarctica will add another 0.2 feet of sea level rise. Adding this to the 3.3 feet for thermal warming results in a sea level rise of 3.9 feet.  Now add 2 feet due to melting of the West Antarctic Ice Sheet (WAIS) due to the collapse of the Pine Island and Thwaites glaciers and you have a 5.9 foot sea level rise by the end of the century.  NOAA (the National Oceanic and Atmospheric Administration) states that the oceans could rise 8 feet by 2100 under a worse-case scenario, namely a complete collapse of the WAIS.  

What effect would a 5.9 foot sea level rise have on the U.S.? Miami is one of the most vulnerable places to rising seas. About 2 million Americans would see their homes permanently flooded if sea levels rise just 3 feet. If the sea level rises 6 feet, 6 million Americans would see their homes permanently flooded. A new study predicts that as many as 13.1 million Americans in coastal areas will have to relocate by 2100 if the sea level rises 5.9 feet (1.8 meters), which is what I expect to be the most likely scenario.

In addition to sea-level rise, global warming is contributing to increases in the spread of insect-borne illnesses and crop-damaging pests. For example, diseases such as Zika, dengue fever and chikungunya are transmitted by mosquitoes, which pick up these diseases by biting infected people and then spreading them to other people through subsequent bites. Research has shown that warmer temperatures shorten the incubation period, which means the disease can spread more rapidly. Warmer temperatures also tend to increase the geographic range of insects.

Global warming also translates into more extreme weather events because higher temperatures mean an increase in energy in the atmosphere and oceans; energy is what drives weather. While we cannot attribute any particular storm to global warming, we can tie an overall trend to global warming. It makes logical sense that warm ocean waters give birth to more intense weather. Generally, hurricanes cannot survive for long over sea surfaces that are cooler than about 79 °F (26 °C). The longer the ocean waters stay above 79 °F, the more opportunity there is for a hurricane to blossom.

Lastly, global warming will result in more droughts, floods and water scarcity.  Demand for water has tripled during the past 50 years. Currently a half billion people live in a water-stressed country. By 2025, that number is expected to increase to about 3 billion. The vast majority of fresh water, about 70%, is used for agriculture. On the U.S. East Coast, much of the water supply comes from surface water, whereas most of the Midwest gets its water supply from a combination of surface waters and well water. The well water comes from underground aquifers such as the Ogallala Aquifer. At present rates of withdrawal, parts of the Ogallala Aquifer water will be available for irrigation for only another 10 to 20 years.",greenhouse effect concerned infrared radiation given earth suns radiation basically passes oxygen nitrogen earths atmosphere lands earths surface absorbed reflected atmosphere radiation bounces greenhouse gases returns absorbed earth greenhouses gases ghgs water vapor ho carbon dioxide nitrous oxide methane ch long does remain atmosphere difficult question processes remove carbon dioxide atmosphere released air dissolves ocean period years rest removed thousand years according ipcc fourth assessment report increase removed atmosphere years removed centuries remaining stay atmosphere thousands years means stop carbon dioxide emissions tomorrow carbon dioxide atmosphere continue warm climate thousands years methane ch contrast persists years methane times potent carbon dioxide effect relatively shortlived furthermore methane increased ppb ppb today notice parts billion parts million emissions carbon dioxide atmosphere causing global warming earth warm year depends billions tons carbon dioxide emitted atmosphere general rule trillion tons additional carbon dioxide atmosphere actually billion translate ppm additional carbon dioxide ppm additional carbon dioxide translates f c global warming verified fact preindustrial carbon dioxide ppm ppm period planet warmed c scientists measured atmospheric carbon dioxide corresponds ppm corresponds billion metric tons atmosphere order increase global temperature c need x billion billion metric tons carbon dioxide metric ton equals kilograms x pounds country world does use metric ton world pumped billion metric tons gt carbon dioxide atmosphere average capita emission carbon dioxide metric tons person year year billion people businessasusual scenario expect world emit x billion metric tons atmosphere year average billion tons years accumulation trillion tons tt carbon sinks oceans saturated world accumulation tt carbon atmosphere dividing trillion tons million c f means world f warmer rise sea level comes distinct processes water expansions feet added f increased temperature melting ice mainly greenland feet antarctica feet total feet increased extraction groundwater irrigation usually notice water expands slightly gets warmer second potentially greater contribution rising sea level comes melting glacial ice antarctica ice greenland ice trillion tons ice remaining tied continental glaciers himalayas melt greenland completely melts raise sea level feet meters antarctica completely melts add feet meters sea level rise year predict fossil fuels depleted coal temperature rise level model predicts greenland losing gt ice year end century resulting feet sea level rise addition antarctica add feet sea level rise adding feet thermal warming results sea level rise feet add feet melting west antarctic ice sheet wais collapse pine island thwaites glaciers foot sea level rise end century noaa national oceanic atmospheric administration states oceans rise feet worsecase scenario complete collapse wais effect foot sea level rise miami vulnerable places rising seas million americans homes permanently flooded sea levels rise just feet sea level rises feet million americans homes permanently flooded new study predicts million americans coastal areas relocate sea level rises feet meters expect likely scenario addition sealevel rise global warming contributing increases spread insectborne illnesses cropdamaging pests example diseases zika dengue fever chikungunya transmitted mosquitoes pick diseases biting infected people spreading people subsequent bites research shown warmer temperatures shorten incubation period means disease spread rapidly warmer temperatures tend increase geographic range insects global warming translates extreme weather events higher temperatures mean increase energy atmosphere oceans energy drives weather attribute particular storm global warming tie overall trend global warming makes logical sense warm ocean waters birth intense weather generally hurricanes survive long sea surfaces cooler f c longer ocean waters stay f opportunity hurricane blossom lastly global warming result droughts floods water scarcity demand water tripled past years currently half billion people live waterstressed country number expected increase billion vast majority fresh water used agriculture east coast water supply comes surface water midwest gets water supply combination surface waters water water comes underground aquifers ogallala aquifer present rates withdrawal parts ogallala aquifer water available irrigation years,Positive
0,Iqbal Badruddin,iqbal badruddin,Neutral
0,A very real concern !!!!,real concern,Positive
0,Someone send this to tRump !!!,send trump,Neutral
0,Anneliese Garcia,anneliese garcia,Neutral
0,Just like our government denies that there is global warming well it is an issue the other issue is they cut Federal funding for all parks throughout the United States several years ago they've never got their funding properly back that's why there are so many closed roads throughout our Force industry where you can't even get access into these places they stop wood Gathering wood cutting and everything to save one f****** squirrel or a f****** out for Christ sakes open our lands back up that the people back in collect firewood and do what we got to do to keep this s*** from happening this gets our government's fault for cutting funding for a Forestry Department and this took place years ago and it never recuperated from it I have not forgotten,just like government denies global warming issue issue cut federal funding parks united states years ago theyve got funding properly thats closed roads force industry access places stop wood gathering wood cutting save f squirrel f christ sakes open lands people collect firewood got s happening gets governments fault cutting funding forestry department took place years ago recuperated forgotten,Negative
2,Some people want to leave Mother Earth and colonize other planet how about we take care of the one we've got first take her from there if we can't take care of Mother Earth how we supposed to take care of another planet this is my question Mother Nature is very angry right now and it's because of mankind and the way he treats her it's time to wake up before it's too late I pray it's not too late already,people want leave mother earth colonize planet care weve got care mother earth supposed care planet question mother nature angry right mankind way treats time wake late pray late,Negative
15,"Imagine working at NASA after a life of study and having to spend your days reading Jeff explaining you, from his baptism degree, that tHe CliMAte aLwAys cHaNgEd.
And still answer calmly. That goes beyond patience, is sanctity.",imagine working nasa life study having spend days reading jeff explaining baptism degree climate changed answer calmly goes patience sanctity,Positive
13,"Yes, but, the U.S. mean temperature anomaly , while up a bit in November, appears from NOAA stats to be declining steadily for last 10 years. This map also appears to show that warmer temperatures are recently being distributed more equitably. Why should Florida and California have all the warm weather and not the Arctic?",yes mean temperature anomaly bit november appears noaa stats declining steadily years map appears warmer temperatures recently distributed equitably florida california warm weather arctic,Positive
3,"Oh well at least it’s not 1.5c, just 1.44.  🤣",oh c just,Neutral
16,"""The 1.5'C Paris Agreement red line is dead and the 2.0'C red line is on life support."" 

Dr James Hansen.",c paris agreement red line dead c red line life support dr james hansen,Negative
1,I presume this 'burst' of heat is El Nino related. At least I hope so because otherwise we may have passed a climatic tipping point.,presume burst heat el nino related hope passed climatic tipping point,Neutral
13,My fear is keep crying wolf and when the wolf appears no one will care.,fear crying wolf wolf appears care,Negative
2,A cause de l’activité humaine ……’ et pourtant cela ne gêne personne que nous soyons 10 milliards sur terre en 2100,cause lactivit humaine et pourtant cela ne gne personne que nous soyons milliards sur terre en,Neutral
13,And this is going to be hottest December on the record,going hottest december record,Neutral
0,"A terra não tem 100 anos, nem 1 milhão de anos, o nosso planeta tem 4,5 mil milhões de anos. Há 635 milhões de anos, durante um recuo sem precedentes dos glaciares indica que as temperaturas aumentaram significativamente perto do final do Neoproterozóico, atingindo uma média global superior a 32°, quando a média global de hoje é inferior a 15,5°. Ao reconstruir as temperaturas do Éon Fanerozóico, ou aproximadamente no último meio milhão de anos, as temperaturas quentes dominaram a maior parte desse tempo, com as temperaturas globais a subir repetidamente acima dos 26° e até dos 32° de temperatura media. Há cerca de 250 milhões de anos, perto do equador, a temperatura média estava nos 60°, impossibilitando a vida nessa região.A terra não tem 100 anos, nem 1 milhão de anos, o nosso planeta tem 4,5 mil milhões de anos. Há 635 milhões de anos, durante um recuo sem precedentes dos glaciares indica que as temperaturas aumentaram significativamente perto do final do Neoproterozóico, atingindo uma média global superior a 32°, quando a média global de hoje é inferior a 15,5°. Ao reconstruir as temperaturas do Éon Fanerozóico, ou aproximadamente no último meio milhão de anos, as temperaturas quentes dominaram a maior parte desse tempo, com as temperaturas globais a subir repetidamente acima dos 26° e até dos 32° de temperatura media. Há cerca de 250 milhões de anos, perto do equador, a temperatura média estava nos 60°, impossibilitando a vida nessa região.",terra tem anos nem milho anos o nosso planeta tem mil milhes anos h milhes anos durante um recuo sem precedentes dos glaciares indica que temperaturas aumentaram significativamente perto final neoproterozico atingindo uma mdia global superior quando mdia global hoje inferior ao reconstruir temperaturas fanerozico ou aproximadamente ltimo meio milho anos temperaturas quentes dominaram maior parte desse tempo com temperaturas globais subir repetidamente acima dos e dos temperatura media h cerca milhes anos perto equador temperatura mdia estava nos impossibilitando vida nessa regioa terra tem anos nem milho anos o nosso planeta tem mil milhes anos h milhes anos durante um recuo sem precedentes dos glaciares indica que temperaturas aumentaram significativamente perto final neoproterozico atingindo uma mdia global superior quando mdia global hoje inferior ao reconstruir temperaturas fanerozico ou aproximadamente ltimo meio milho anos temperaturas quentes dominaram maior parte desse tempo com temperaturas globais subir repetidamente acima dos e dos temperatura media h cerca milhes anos perto equador temperatura mdia estava nos impossibilitando vida nessa regio,Positive
11,"In my opinion, there is no such thing as a physical global temperature. Secondly, NASA is involved in ranking years based on global temperatures that are made up different datasets for each year. In my opinion, this ranking is not credible because the dataset input are not the same year after year.",opinion thing physical global temperature secondly nasa involved ranking years based global temperatures different datasets year opinion ranking credible dataset input year year,Positive
46,Waiting for the science illiterates to come tell us how it's all a scam. Because math and chemistry eludes them.,waiting science illiterates come tell scam math chemistry eludes,Neutral
32,Gosh if only people had been warning about literally this exact scenario for… I dunno… 50+ years.,gosh people warning literally exact scenario dunno years,Positive
2,"Deniers simply do not care. I fear us humans have done irreparable damage to earth, and that our arrogance, indifference and greed are going to perpetuate more of it.",deniers simply care fear humans irreparable damage earth arrogance indifference greed going perpetuate,Neutral
3,second order trends too.,second order trends,Neutral
0,"And the destabilization of the polar vortex is probably due to global warming.  Loss of sea ice causes warming in higher latitudes, causing the polar vortex to dip into lower latitudes",destabilization polar vortex probably global warming loss sea ice causes warming higher latitudes causing polar vortex dip lower latitudes,Positive
1,"The clue is in the adjective “global” .  There is always spatial ( and therefore local) variation in cold and warm , but overall, the global trend over years is * unequivocally* upwards.",clue adjective global spatial local variation cold warm overall global trend years unequivocally upwards,Neutral
3,The world's population has been increasing too.  It's an exponential curve.  So more people around to make a mess of things ...,worlds population increasing exponential curve people make mess things,Negative
0,Definitely not the case. The last snowy Christmas here was some 10-11 years ago.,definitely case snowy christmas years ago,Neutral
0,The  only solution is back to  nature.,solution nature,Neutral
3,Then don’t use some very hot days in the summer as an evidence it’s getting warmer,dont use hot days summer evidence getting warmer,Positive
0,Also climate change involves severe weather of all kinds.,climate change involves severe weather kinds,Neutral
0,"With cold temperatures, ignoring change in albedo, the earth is heating up faster because the radiation out to space is less. The incoming radiation at the top of the atmosphere is the same with or without the cold.",cold temperatures ignoring change albedo earth heating faster radiation space incoming radiation atmosphere cold,Negative
1,"Thank you.
Do you happen to have a global temperature graph for the last ~10,000 years?",thank happen global temperature graph years,Neutral
0,"""Ice On Fire"" documentary presents a through explanation of the cyclical extremes results from Global Warming",ice documentary presents explanation cyclical extremes results global warming,Neutral
6,Deniers will continue to be deniers because they lack the ability to process scientific data that's different from what they believe are the facts!,deniers continue deniers lack ability process scientific data thats different believe facts,Neutral
0,One can only hope for a peak 😞,hope peak,Neutral
1,what is the error margin for the temperature estimations from 200 years ago?,error margin temperature estimations years ago,Neutral
3,We all should volenteerly help in reducing Globall warming,volenteerly help reducing globall warming,Neutral
1,Sergio Yepes,sergio yepes,Neutral
12,"We're experiencing severe, abnormal weather patterns. Climate change is a real threat and sadly I believe we are too late.",experiencing severe abnormal weather patterns climate change real threat sadly believe late,Negative
